-- phpMyAdmin SQL Dump
-- version 4.3.11
-- http://www.phpmyadmin.net
--
-- Servidor: 127.0.0.1
-- Tiempo de generación: 19-08-2015 a las 14:10:03
-- Versión del servidor: 5.6.24
-- Versión de PHP: 5.6.8

SET SQL_MODE = "NO_AUTO_VALUE_ON_ZERO";
SET time_zone = "+00:00";


/*!40101 SET @OLD_CHARACTER_SET_CLIENT=@@CHARACTER_SET_CLIENT */;
/*!40101 SET @OLD_CHARACTER_SET_RESULTS=@@CHARACTER_SET_RESULTS */;
/*!40101 SET @OLD_COLLATION_CONNECTION=@@COLLATION_CONNECTION */;
/*!40101 SET NAMES utf8 */;

--
-- Base de datos: `durox`
--

-- --------------------------------------------------------

--
-- Estructura de tabla para la tabla `categorias`
--

CREATE TABLE IF NOT EXISTS `categorias` (
  `id_categoria` int(11) NOT NULL,
  `nombre` varchar(64) NOT NULL,
  `id_padre` int(11) NOT NULL,
  `nivel_arbol` int(11) NOT NULL,
  `date_add` datetime NOT NULL,
  `date_upd` datetime NOT NULL,
  `eliminado` tinyint(4) NOT NULL,
  `user_add` int(11) NOT NULL,
  `user_upd` int(11) NOT NULL
) ENGINE=InnoDB DEFAULT CHARSET=latin1;

-- --------------------------------------------------------

--
-- Estructura de tabla para la tabla `clientes`
--

CREATE TABLE IF NOT EXISTS `clientes` (
  `id_cliente` int(11) NOT NULL,
  `razon_social` varchar(128) NOT NULL,
  `nombre` varchar(128) NOT NULL,
  `apellido` varchar(128) NOT NULL,
  `cuit` bigint(12) NOT NULL,
  `id_grupo_cliente` int(11) NOT NULL,
  `id_iva` int(11) NOT NULL,
  `imagen` varchar(256) NOT NULL,
  `nombre_fantasia` varchar(128) NOT NULL,
  `web` varchar(256) NOT NULL,
  `id_origen` int(11) NOT NULL,
  `id_db` int(11) NOT NULL,
  `visto` tinyint(4) NOT NULL,
  `date_add` datetime NOT NULL,
  `date_upd` datetime NOT NULL,
  `eliminado` tinyint(1) NOT NULL,
  `user_add` int(11) NOT NULL,
  `user_upd` int(11) NOT NULL
) ENGINE=InnoDB AUTO_INCREMENT=6 DEFAULT CHARSET=latin1;

--
-- Volcado de datos para la tabla `clientes`
--

INSERT INTO `clientes` (`id_cliente`, `razon_social`, `nombre`, `apellido`, `cuit`, `id_grupo_cliente`, `id_iva`, `imagen`, `nombre_fantasia`, `web`, `id_origen`, `id_db`, `visto`, `date_add`, `date_upd`, `eliminado`, `user_add`, `user_upd`) VALUES
(1, 'Bodega SRL', 'Cristian', 'Nieto', 20320299579, 1, 2, 'http://localhost/Durox/img/clientes/User1.jpg', '', 'www.google.com', 2, 0, 0, '2015-08-12 17:39:26', '2015-08-14 16:00:59', 0, 1, 1),
(2, 'GO BAR', 'Alejandro', 'Weber', 21256458457, 1, 1, 'http://localhost/Durox/img/clientes/Desert.jpg', '', '', 2, 0, 1, '2015-08-12 18:21:59', '2015-08-14 16:02:24', 0, 1, 1),
(3, 'Prentice Hall', 'Diego', 'Nieto', 20315689477, 1, 1, '', '', '', 2, 0, 0, '2015-08-14 16:36:24', '2015-08-14 16:36:24', 0, 1, 1),
(4, 'TMS Group SRL', 'Alejandro', 'Weber', 21546879459, 2, 1, '', '', '', 2, 0, 0, '2015-08-14 16:37:03', '2015-08-14 16:37:03', 0, 1, 1),
(5, 'Banghio SA', 'Constanza', 'Gomez', 19243217895, 2, 2, '', '', '', 2, 0, 0, '2015-08-14 16:37:40', '2015-08-14 16:37:40', 0, 1, 1);

-- --------------------------------------------------------

--
-- Estructura de tabla para la tabla `departamentos`
--

CREATE TABLE IF NOT EXISTS `departamentos` (
  `id_departamento` int(5) NOT NULL,
  `id_provincia` int(2) NOT NULL,
  `nombre_departamento` varchar(128) NOT NULL,
  `date_add` datetime NOT NULL,
  `date_upd` datetime NOT NULL,
  `eliminado` tinyint(4) NOT NULL,
  `user_add` int(11) NOT NULL,
  `user_upd` int(11) NOT NULL
) ENGINE=InnoDB AUTO_INCREMENT=575 DEFAULT CHARSET=utf8;

--
-- Volcado de datos para la tabla `departamentos`
--

INSERT INTO `departamentos` (`id_departamento`, `id_provincia`, `nombre_departamento`, `date_add`, `date_upd`, `eliminado`, `user_add`, `user_upd`) VALUES
(1, 1, 'Azul', '0000-00-00 00:00:00', '0000-00-00 00:00:00', 0, 0, 0),
(2, 1, 'Puan', '0000-00-00 00:00:00', '0000-00-00 00:00:00', 0, 0, 0),
(3, 1, 'La Matanza', '0000-00-00 00:00:00', '0000-00-00 00:00:00', 0, 0, 0),
(4, 1, 'Tigre', '0000-00-00 00:00:00', '0000-00-00 00:00:00', 0, 0, 0),
(5, 1, '25 De Mayo', '0000-00-00 00:00:00', '0000-00-00 00:00:00', 0, 0, 0),
(6, 1, 'Trenque Lauquen', '0000-00-00 00:00:00', '0000-00-00 00:00:00', 0, 0, 0),
(7, 1, '9 De Julio', '0000-00-00 00:00:00', '0000-00-00 00:00:00', 0, 0, 0),
(8, 1, 'Lanus', '0000-00-00 00:00:00', '0000-00-00 00:00:00', 0, 0, 0),
(9, 1, 'La Plata', '0000-00-00 00:00:00', '0000-00-00 00:00:00', 0, 0, 0),
(10, 1, 'Monte', '0000-00-00 00:00:00', '0000-00-00 00:00:00', 0, 0, 0),
(11, 1, 'Pehuajo', '0000-00-00 00:00:00', '0000-00-00 00:00:00', 0, 0, 0),
(12, 1, 'San Isidro', '0000-00-00 00:00:00', '0000-00-00 00:00:00', 0, 0, 0),
(13, 1, 'Pergamino', '0000-00-00 00:00:00', '0000-00-00 00:00:00', 0, 0, 0),
(14, 1, 'Alberti', '0000-00-00 00:00:00', '0000-00-00 00:00:00', 0, 0, 0),
(15, 1, 'Chascomus', '0000-00-00 00:00:00', '0000-00-00 00:00:00', 0, 0, 0),
(16, 1, 'Esteban Echeverria', '0000-00-00 00:00:00', '0000-00-00 00:00:00', 0, 0, 0),
(17, 1, 'Mercedes', '0000-00-00 00:00:00', '0000-00-00 00:00:00', 0, 0, 0),
(18, 1, 'Bahia Blanca', '0000-00-00 00:00:00', '0000-00-00 00:00:00', 0, 0, 0),
(19, 1, 'Merlo', '0000-00-00 00:00:00', '0000-00-00 00:00:00', 0, 0, 0),
(20, 1, 'Junin', '0000-00-00 00:00:00', '0000-00-00 00:00:00', 0, 0, 0),
(21, 1, 'Guamini', '0000-00-00 00:00:00', '0000-00-00 00:00:00', 0, 0, 0),
(22, 1, 'Lujan', '0000-00-00 00:00:00', '0000-00-00 00:00:00', 0, 0, 0),
(23, 1, 'Leandro N.alem', '0000-00-00 00:00:00', '0000-00-00 00:00:00', 0, 0, 0),
(24, 1, 'Matanza', '0000-00-00 00:00:00', '0000-00-00 00:00:00', 0, 0, 0),
(25, 1, 'General Paz', '0000-00-00 00:00:00', '0000-00-00 00:00:00', 0, 0, 0),
(26, 1, 'San Vicente', '0000-00-00 00:00:00', '0000-00-00 00:00:00', 0, 0, 0),
(27, 1, 'Cañuelas', '0000-00-00 00:00:00', '0000-00-00 00:00:00', 0, 0, 0),
(28, 1, 'Almirante Brown', '0000-00-00 00:00:00', '0000-00-00 00:00:00', 0, 0, 0),
(29, 1, 'Cnl.de Marina  L.rosales', '0000-00-00 00:00:00', '0000-00-00 00:00:00', 0, 0, 0),
(30, 1, 'Baradero', '0000-00-00 00:00:00', '0000-00-00 00:00:00', 0, 0, 0),
(31, 1, 'Saavedra', '0000-00-00 00:00:00', '0000-00-00 00:00:00', 0, 0, 0),
(32, 1, 'Brandsen', '0000-00-00 00:00:00', '0000-00-00 00:00:00', 0, 0, 0),
(33, 1, 'General Sarmiento', '0000-00-00 00:00:00', '0000-00-00 00:00:00', 0, 0, 0),
(34, 1, 'Tapalque', '0000-00-00 00:00:00', '0000-00-00 00:00:00', 0, 0, 0),
(35, 1, 'Saladillo', '0000-00-00 00:00:00', '0000-00-00 00:00:00', 0, 0, 0),
(36, 1, 'Magdalena', '0000-00-00 00:00:00', '0000-00-00 00:00:00', 0, 0, 0),
(37, 1, 'Gonzales Chaves', '0000-00-00 00:00:00', '0000-00-00 00:00:00', 0, 0, 0),
(38, 1, 'General Pinto', '0000-00-00 00:00:00', '0000-00-00 00:00:00', 0, 0, 0),
(39, 1, 'Navarro', '0000-00-00 00:00:00', '0000-00-00 00:00:00', 0, 0, 0),
(40, 1, 'Daireaux', '0000-00-00 00:00:00', '0000-00-00 00:00:00', 0, 0, 0),
(41, 1, 'Lobos', '0000-00-00 00:00:00', '0000-00-00 00:00:00', 0, 0, 0),
(42, 1, 'Coronel Dorrego', '0000-00-00 00:00:00', '0000-00-00 00:00:00', 0, 0, 0),
(43, 1, 'Adolfo Alsina', '0000-00-00 00:00:00', '0000-00-00 00:00:00', 0, 0, 0),
(44, 1, 'Colon', '0000-00-00 00:00:00', '0000-00-00 00:00:00', 0, 0, 0),
(45, 1, 'General Arenales', '0000-00-00 00:00:00', '0000-00-00 00:00:00', 0, 0, 0),
(46, 1, 'Lincoln', '0000-00-00 00:00:00', '0000-00-00 00:00:00', 0, 0, 0),
(47, 1, 'Villarino', '0000-00-00 00:00:00', '0000-00-00 00:00:00', 0, 0, 0),
(48, 1, 'Vicente Lopez', '0000-00-00 00:00:00', '0000-00-00 00:00:00', 0, 0, 0),
(49, 1, 'Bartolome Mitre', '0000-00-00 00:00:00', '0000-00-00 00:00:00', 0, 0, 0),
(50, 1, 'Exaltacion De La Cruz', '0000-00-00 00:00:00', '0000-00-00 00:00:00', 0, 0, 0),
(51, 1, 'Salto', '0000-00-00 00:00:00', '0000-00-00 00:00:00', 0, 0, 0),
(52, 1, 'Bragado', '0000-00-00 00:00:00', '0000-00-00 00:00:00', 0, 0, 0),
(53, 1, 'Zarate', '0000-00-00 00:00:00', '0000-00-00 00:00:00', 0, 0, 0),
(54, 1, 'Avellaneda', '0000-00-00 00:00:00', '0000-00-00 00:00:00', 0, 0, 0),
(55, 1, 'Ayacucho', '0000-00-00 00:00:00', '0000-00-00 00:00:00', 0, 0, 0),
(56, 1, 'San Andres De Giles', '0000-00-00 00:00:00', '0000-00-00 00:00:00', 0, 0, 0),
(57, 1, 'Tandil', '0000-00-00 00:00:00', '0000-00-00 00:00:00', 0, 0, 0),
(58, 1, 'Rivadavia', '0000-00-00 00:00:00', '0000-00-00 00:00:00', 0, 0, 0),
(59, 1, 'Patagones', '0000-00-00 00:00:00', '0000-00-00 00:00:00', 0, 0, 0),
(60, 1, 'Grl.viamonte', '0000-00-00 00:00:00', '0000-00-00 00:00:00', 0, 0, 0),
(61, 1, 'Cnl.de Marina Leonardo Rosales', '0000-00-00 00:00:00', '0000-00-00 00:00:00', 0, 0, 0),
(62, 1, 'Balcarce', '0000-00-00 00:00:00', '0000-00-00 00:00:00', 0, 0, 0),
(63, 1, 'Tres Arroyos', '0000-00-00 00:00:00', '0000-00-00 00:00:00', 0, 0, 0),
(64, 1, 'General Villegas', '0000-00-00 00:00:00', '0000-00-00 00:00:00', 0, 0, 0),
(65, 1, 'Lomas De Zamora', '0000-00-00 00:00:00', '0000-00-00 00:00:00', 0, 0, 0),
(66, 1, 'Berisso', '0000-00-00 00:00:00', '0000-00-00 00:00:00', 0, 0, 0),
(67, 1, 'Juarez', '0000-00-00 00:00:00', '0000-00-00 00:00:00', 0, 0, 0),
(68, 1, 'Grl.pueyrredon', '0000-00-00 00:00:00', '0000-00-00 00:00:00', 0, 0, 0),
(69, 1, 'Coronel Suarez', '0000-00-00 00:00:00', '0000-00-00 00:00:00', 0, 0, 0),
(70, 1, 'Escobar', '0000-00-00 00:00:00', '0000-00-00 00:00:00', 0, 0, 0),
(71, 1, 'Carlos Casares', '0000-00-00 00:00:00', '0000-00-00 00:00:00', 0, 0, 0),
(72, 1, 'Chivilcoy', '0000-00-00 00:00:00', '0000-00-00 00:00:00', 0, 0, 0),
(73, 1, 'Berazategui', '0000-00-00 00:00:00', '0000-00-00 00:00:00', 0, 0, 0),
(74, 1, 'Quilmes', '0000-00-00 00:00:00', '0000-00-00 00:00:00', 0, 0, 0),
(75, 1, 'Torquinst', '0000-00-00 00:00:00', '0000-00-00 00:00:00', 0, 0, 0),
(76, 1, '3 De Febrero', '0000-00-00 00:00:00', '0000-00-00 00:00:00', 0, 0, 0),
(77, 1, 'Olavarria', '0000-00-00 00:00:00', '0000-00-00 00:00:00', 0, 0, 0),
(78, 1, 'Pellegrini', '0000-00-00 00:00:00', '0000-00-00 00:00:00', 0, 0, 0),
(79, 1, 'General Belgano', '0000-00-00 00:00:00', '0000-00-00 00:00:00', 0, 0, 0),
(80, 1, 'Florencio Varela', '0000-00-00 00:00:00', '0000-00-00 00:00:00', 0, 0, 0),
(81, 1, 'Salliquelo', '0000-00-00 00:00:00', '0000-00-00 00:00:00', 0, 0, 0),
(82, 1, 'Cnl.de Marina L.rosales', '0000-00-00 00:00:00', '0000-00-00 00:00:00', 0, 0, 0),
(83, 1, 'Mar Chiquita', '0000-00-00 00:00:00', '0000-00-00 00:00:00', 0, 0, 0),
(84, 1, 'General Pueyrredon', '0000-00-00 00:00:00', '0000-00-00 00:00:00', 0, 0, 0),
(85, 1, 'Campana', '0000-00-00 00:00:00', '0000-00-00 00:00:00', 0, 0, 0),
(86, 1, 'Grl.sarmiento', '0000-00-00 00:00:00', '0000-00-00 00:00:00', 0, 0, 0),
(87, 1, 'Rojas', '0000-00-00 00:00:00', '0000-00-00 00:00:00', 0, 0, 0),
(88, 1, 'Sarmiento', '0000-00-00 00:00:00', '0000-00-00 00:00:00', 0, 0, 0),
(89, 1, 'Carmen De Areco', '0000-00-00 00:00:00', '0000-00-00 00:00:00', 0, 0, 0),
(90, 1, 'Pila', '0000-00-00 00:00:00', '0000-00-00 00:00:00', 0, 0, 0),
(91, 1, 'Tres De Febrero', '0000-00-00 00:00:00', '0000-00-00 00:00:00', 0, 0, 0),
(92, 1, 'Moron', '0000-00-00 00:00:00', '0000-00-00 00:00:00', 0, 0, 0),
(93, 1, 'Castelli', '0000-00-00 00:00:00', '0000-00-00 00:00:00', 0, 0, 0),
(94, 1, 'Chacabuco', '0000-00-00 00:00:00', '0000-00-00 00:00:00', 0, 0, 0),
(95, 1, 'General Viamonte', '0000-00-00 00:00:00', '0000-00-00 00:00:00', 0, 0, 0),
(96, 1, 'Rauch', '0000-00-00 00:00:00', '0000-00-00 00:00:00', 0, 0, 0),
(97, 1, 'General Belgrano', '0000-00-00 00:00:00', '0000-00-00 00:00:00', 0, 0, 0),
(98, 1, 'Tornquist', '0000-00-00 00:00:00', '0000-00-00 00:00:00', 0, 0, 0),
(99, 1, 'Necochea', '0000-00-00 00:00:00', '0000-00-00 00:00:00', 0, 0, 0),
(100, 1, 'Marcos Paz', '0000-00-00 00:00:00', '0000-00-00 00:00:00', 0, 0, 0),
(101, 1, 'Carlos Tejedor', '0000-00-00 00:00:00', '0000-00-00 00:00:00', 0, 0, 0),
(102, 1, 'San Pedro', '0000-00-00 00:00:00', '0000-00-00 00:00:00', 0, 0, 0),
(103, 1, 'General Alvarado', '0000-00-00 00:00:00', '0000-00-00 00:00:00', 0, 0, 0),
(104, 1, 'San Nicolas', '0000-00-00 00:00:00', '0000-00-00 00:00:00', 0, 0, 0),
(105, 1, 'Hipolito Yrigoyen', '0000-00-00 00:00:00', '0000-00-00 00:00:00', 0, 0, 0),
(106, 1, 'Las Flores', '0000-00-00 00:00:00', '0000-00-00 00:00:00', 0, 0, 0),
(107, 1, 'Coronel Pringles', '0000-00-00 00:00:00', '0000-00-00 00:00:00', 0, 0, 0),
(108, 1, 'General San Martin', '0000-00-00 00:00:00', '0000-00-00 00:00:00', 0, 0, 0),
(109, 1, 'Benito Juarez', '0000-00-00 00:00:00', '0000-00-00 00:00:00', 0, 0, 0),
(110, 1, 'San Cayetano', '0000-00-00 00:00:00', '0000-00-00 00:00:00', 0, 0, 0),
(111, 1, 'Adolfo Gonzales Chaves', '0000-00-00 00:00:00', '0000-00-00 00:00:00', 0, 0, 0),
(112, 1, 'Dolores', '0000-00-00 00:00:00', '0000-00-00 00:00:00', 0, 0, 0),
(113, 1, 'San Antonio', '0000-00-00 00:00:00', '0000-00-00 00:00:00', 0, 0, 0),
(114, 1, 'Loberia', '0000-00-00 00:00:00', '0000-00-00 00:00:00', 0, 0, 0),
(115, 1, 'Ramallo', '0000-00-00 00:00:00', '0000-00-00 00:00:00', 0, 0, 0),
(116, 1, 'General Alvear', '0000-00-00 00:00:00', '0000-00-00 00:00:00', 0, 0, 0),
(117, 1, 'Ensenada', '0000-00-00 00:00:00', '0000-00-00 00:00:00', 0, 0, 0),
(118, 1, 'Tordillo', '0000-00-00 00:00:00', '0000-00-00 00:00:00', 0, 0, 0),
(119, 1, 'General Guido', '0000-00-00 00:00:00', '0000-00-00 00:00:00', 0, 0, 0),
(120, 1, 'General Las Heras', '0000-00-00 00:00:00', '0000-00-00 00:00:00', 0, 0, 0),
(121, 1, 'General Juan Madariaga', '0000-00-00 00:00:00', '0000-00-00 00:00:00', 0, 0, 0),
(122, 1, 'General La Madrid', '0000-00-00 00:00:00', '0000-00-00 00:00:00', 0, 0, 0),
(123, 1, 'General Lavalle', '0000-00-00 00:00:00', '0000-00-00 00:00:00', 0, 0, 0),
(124, 1, 'General Rodriguez', '0000-00-00 00:00:00', '0000-00-00 00:00:00', 0, 0, 0),
(125, 1, 'General Vllegas', '0000-00-00 00:00:00', '0000-00-00 00:00:00', 0, 0, 0),
(126, 1, 'Adolfo Gonzalez Chaves', '0000-00-00 00:00:00', '0000-00-00 00:00:00', 0, 0, 0),
(127, 1, 'Coronel De Marina L.rosales', '0000-00-00 00:00:00', '0000-00-00 00:00:00', 0, 0, 0),
(128, 1, 'Bolivar', '0000-00-00 00:00:00', '0000-00-00 00:00:00', 0, 0, 0),
(129, 1, 'San Fernando', '0000-00-00 00:00:00', '0000-00-00 00:00:00', 0, 0, 0),
(130, 1, 'Capitan Sarmiento', '0000-00-00 00:00:00', '0000-00-00 00:00:00', 0, 0, 0),
(131, 1, 'Roque Perez', '0000-00-00 00:00:00', '0000-00-00 00:00:00', 0, 0, 0),
(132, 1, 'Moreno', '0000-00-00 00:00:00', '0000-00-00 00:00:00', 0, 0, 0),
(133, 1, 'Laprida', '0000-00-00 00:00:00', '0000-00-00 00:00:00', 0, 0, 0),
(134, 1, 'Maipu', '0000-00-00 00:00:00', '0000-00-00 00:00:00', 0, 0, 0),
(135, 1, 'Echeverria', '0000-00-00 00:00:00', '0000-00-00 00:00:00', 0, 0, 0),
(136, 1, 'Pilar', '0000-00-00 00:00:00', '0000-00-00 00:00:00', 0, 0, 0),
(137, 1, 'Coronel De Marina L. Rosales', '0000-00-00 00:00:00', '0000-00-00 00:00:00', 0, 0, 0),
(138, 1, 'Suipacha', '0000-00-00 00:00:00', '0000-00-00 00:00:00', 0, 0, 0),
(139, 1, 'San Antonio De Areco', '0000-00-00 00:00:00', '0000-00-00 00:00:00', 0, 0, 0),
(140, 1, 'Barazategui', '0000-00-00 00:00:00', '0000-00-00 00:00:00', 0, 0, 0),
(141, 1, 'Alsina', '0000-00-00 00:00:00', '0000-00-00 00:00:00', 0, 0, 0),
(142, 1, 'Leandro N. Elem', '0000-00-00 00:00:00', '0000-00-00 00:00:00', 0, 0, 0),
(143, 1, 'Grl.san Martin', '0000-00-00 00:00:00', '0000-00-00 00:00:00', 0, 0, 0),
(144, 1, 'Coronel', '0000-00-00 00:00:00', '0000-00-00 00:00:00', 0, 0, 0),
(145, 2, 'Capayan', '0000-00-00 00:00:00', '0000-00-00 00:00:00', 0, 0, 0),
(146, 2, 'Andalgala', '0000-00-00 00:00:00', '0000-00-00 00:00:00', 0, 0, 0),
(147, 2, 'El Alto', '0000-00-00 00:00:00', '0000-00-00 00:00:00', 0, 0, 0),
(148, 2, 'Santa Rosa', '0000-00-00 00:00:00', '0000-00-00 00:00:00', 0, 0, 0),
(149, 2, 'Ancasti', '0000-00-00 00:00:00', '0000-00-00 00:00:00', 0, 0, 0),
(150, 2, 'Paclin', '0000-00-00 00:00:00', '0000-00-00 00:00:00', 0, 0, 0),
(151, 2, 'Santa Maria', '0000-00-00 00:00:00', '0000-00-00 00:00:00', 0, 0, 0),
(152, 2, 'Tinogasta', '0000-00-00 00:00:00', '0000-00-00 00:00:00', 0, 0, 0),
(153, 2, 'La Paz', '0000-00-00 00:00:00', '0000-00-00 00:00:00', 0, 0, 0),
(154, 2, 'Valle Viejo', '0000-00-00 00:00:00', '0000-00-00 00:00:00', 0, 0, 0),
(155, 2, 'Antofagasta De La Sierra', '0000-00-00 00:00:00', '0000-00-00 00:00:00', 0, 0, 0),
(156, 2, 'Belen', '0000-00-00 00:00:00', '0000-00-00 00:00:00', 0, 0, 0),
(157, 2, 'Capital', '0000-00-00 00:00:00', '0000-00-00 00:00:00', 0, 0, 0),
(158, 2, 'Fray Mamerto Esquiu', '0000-00-00 00:00:00', '0000-00-00 00:00:00', 0, 0, 0),
(159, 2, 'Poman', '0000-00-00 00:00:00', '0000-00-00 00:00:00', 0, 0, 0),
(160, 2, 'Ambato', '0000-00-00 00:00:00', '0000-00-00 00:00:00', 0, 0, 0),
(161, 3, 'Independencia', '0000-00-00 00:00:00', '0000-00-00 00:00:00', 0, 0, 0),
(162, 3, 'San Fernando', '0000-00-00 00:00:00', '0000-00-00 00:00:00', 0, 0, 0),
(163, 3, 'Primero De Mayo', '0000-00-00 00:00:00', '0000-00-00 00:00:00', 0, 0, 0),
(164, 3, 'Fray Justo Santa Maria De Oro', '0000-00-00 00:00:00', '0000-00-00 00:00:00', 0, 0, 0),
(165, 3, 'Sargento Cabral', '0000-00-00 00:00:00', '0000-00-00 00:00:00', 0, 0, 0),
(166, 3, 'General Guemes', '0000-00-00 00:00:00', '0000-00-00 00:00:00', 0, 0, 0),
(167, 3, 'Tapenaga', '0000-00-00 00:00:00', '0000-00-00 00:00:00', 0, 0, 0),
(168, 3, 'Chacabuco', '0000-00-00 00:00:00', '0000-00-00 00:00:00', 0, 0, 0),
(169, 3, 'Libertador Grl.san Martin', '0000-00-00 00:00:00', '0000-00-00 00:00:00', 0, 0, 0),
(170, 3, '25 De Mayo', '0000-00-00 00:00:00', '0000-00-00 00:00:00', 0, 0, 0),
(171, 3, '12 De Octubre', '0000-00-00 00:00:00', '0000-00-00 00:00:00', 0, 0, 0),
(172, 3, 'Comandante Fernandez', '0000-00-00 00:00:00', '0000-00-00 00:00:00', 0, 0, 0),
(173, 3, 'Quitilipi', '0000-00-00 00:00:00', '0000-00-00 00:00:00', 0, 0, 0),
(174, 3, 'Mayor Luis J.fontana', '0000-00-00 00:00:00', '0000-00-00 00:00:00', 0, 0, 0),
(175, 3, 'Libertad', '0000-00-00 00:00:00', '0000-00-00 00:00:00', 0, 0, 0),
(176, 3, 'Bermejo', '0000-00-00 00:00:00', '0000-00-00 00:00:00', 0, 0, 0),
(177, 3, 'Almirante Brown', '0000-00-00 00:00:00', '0000-00-00 00:00:00', 0, 0, 0),
(178, 3, 'Meyor Luis J.fontana', '0000-00-00 00:00:00', '0000-00-00 00:00:00', 0, 0, 0),
(179, 3, 'General Belgrano', '0000-00-00 00:00:00', '0000-00-00 00:00:00', 0, 0, 0),
(180, 3, 'Libertador Grl. San Martin', '0000-00-00 00:00:00', '0000-00-00 00:00:00', 0, 0, 0),
(181, 3, 'General Donovan', '0000-00-00 00:00:00', '0000-00-00 00:00:00', 0, 0, 0),
(182, 3, 'San Lorenzo', '0000-00-00 00:00:00', '0000-00-00 00:00:00', 0, 0, 0),
(183, 3, 'Lebertador Grl.san Martin', '0000-00-00 00:00:00', '0000-00-00 00:00:00', 0, 0, 0),
(184, 3, 'Maipu', '0000-00-00 00:00:00', '0000-00-00 00:00:00', 0, 0, 0),
(185, 3, 'O''higgins', '0000-00-00 00:00:00', '0000-00-00 00:00:00', 0, 0, 0),
(186, 3, '9 De Julio', '0000-00-00 00:00:00', '0000-00-00 00:00:00', 0, 0, 0),
(187, 3, 'Libertador San Martin', '0000-00-00 00:00:00', '0000-00-00 00:00:00', 0, 0, 0),
(188, 4, 'Rio Senguerr', '0000-00-00 00:00:00', '0000-00-00 00:00:00', 0, 0, 0),
(189, 4, 'Martires', '0000-00-00 00:00:00', '0000-00-00 00:00:00', 0, 0, 0),
(190, 4, 'Escalante', '0000-00-00 00:00:00', '0000-00-00 00:00:00', 0, 0, 0),
(191, 4, 'Gaiman', '0000-00-00 00:00:00', '0000-00-00 00:00:00', 0, 0, 0),
(192, 4, 'Sarmiento', '0000-00-00 00:00:00', '0000-00-00 00:00:00', 0, 0, 0),
(193, 4, 'Cushamen', '0000-00-00 00:00:00', '0000-00-00 00:00:00', 0, 0, 0),
(194, 4, 'Florentino Ameghino', '0000-00-00 00:00:00', '0000-00-00 00:00:00', 0, 0, 0),
(195, 4, 'Paso De Indios', '0000-00-00 00:00:00', '0000-00-00 00:00:00', 0, 0, 0),
(196, 4, 'Telsen', '0000-00-00 00:00:00', '0000-00-00 00:00:00', 0, 0, 0),
(197, 4, 'Languiñeo', '0000-00-00 00:00:00', '0000-00-00 00:00:00', 0, 0, 0),
(198, 4, 'Gastre', '0000-00-00 00:00:00', '0000-00-00 00:00:00', 0, 0, 0),
(199, 4, 'Futaleufu', '0000-00-00 00:00:00', '0000-00-00 00:00:00', 0, 0, 0),
(200, 4, 'Tehuelches', '0000-00-00 00:00:00', '0000-00-00 00:00:00', 0, 0, 0),
(201, 4, 'Rawson', '0000-00-00 00:00:00', '0000-00-00 00:00:00', 0, 0, 0),
(202, 4, 'Biedma', '0000-00-00 00:00:00', '0000-00-00 00:00:00', 0, 0, 0),
(203, 5, 'Rio Cuarto', '0000-00-00 00:00:00', '0000-00-00 00:00:00', 0, 0, 0),
(204, 5, 'Totoral', '0000-00-00 00:00:00', '0000-00-00 00:00:00', 0, 0, 0),
(205, 5, 'Colon', '0000-00-00 00:00:00', '0000-00-00 00:00:00', 0, 0, 0),
(206, 5, 'Minas', '0000-00-00 00:00:00', '0000-00-00 00:00:00', 0, 0, 0),
(207, 5, 'Punilla', '0000-00-00 00:00:00', '0000-00-00 00:00:00', 0, 0, 0),
(208, 5, 'Juarez Celman', '0000-00-00 00:00:00', '0000-00-00 00:00:00', 0, 0, 0),
(209, 5, 'Marcos Juarez', '0000-00-00 00:00:00', '0000-00-00 00:00:00', 0, 0, 0),
(210, 5, 'San Justo', '0000-00-00 00:00:00', '0000-00-00 00:00:00', 0, 0, 0),
(211, 5, 'Tercero Arriba', '0000-00-00 00:00:00', '0000-00-00 00:00:00', 0, 0, 0),
(212, 5, 'Rio Seco', '0000-00-00 00:00:00', '0000-00-00 00:00:00', 0, 0, 0),
(213, 5, 'Capital', '0000-00-00 00:00:00', '0000-00-00 00:00:00', 0, 0, 0),
(214, 5, 'Santa Maria', '0000-00-00 00:00:00', '0000-00-00 00:00:00', 0, 0, 0),
(215, 5, 'San Alberto', '0000-00-00 00:00:00', '0000-00-00 00:00:00', 0, 0, 0),
(216, 5, 'Union', '0000-00-00 00:00:00', '0000-00-00 00:00:00', 0, 0, 0),
(217, 5, 'Pocho', '0000-00-00 00:00:00', '0000-00-00 00:00:00', 0, 0, 0),
(218, 5, 'Calamuchita', '0000-00-00 00:00:00', '0000-00-00 00:00:00', 0, 0, 0),
(219, 5, 'Ischilin', '0000-00-00 00:00:00', '0000-00-00 00:00:00', 0, 0, 0),
(220, 5, 'General San Martin', '0000-00-00 00:00:00', '0000-00-00 00:00:00', 0, 0, 0),
(221, 5, 'Rio Primero', '0000-00-00 00:00:00', '0000-00-00 00:00:00', 0, 0, 0),
(222, 5, 'Cruz Del Eje', '0000-00-00 00:00:00', '0000-00-00 00:00:00', 0, 0, 0),
(223, 5, 'Grl.roca', '0000-00-00 00:00:00', '0000-00-00 00:00:00', 0, 0, 0),
(224, 5, 'General Roca', '0000-00-00 00:00:00', '0000-00-00 00:00:00', 0, 0, 0),
(225, 5, 'Sobremonte', '0000-00-00 00:00:00', '0000-00-00 00:00:00', 0, 0, 0),
(226, 5, 'Rio Segundo', '0000-00-00 00:00:00', '0000-00-00 00:00:00', 0, 0, 0),
(227, 5, 'Tulumba', '0000-00-00 00:00:00', '0000-00-00 00:00:00', 0, 0, 0),
(228, 5, 'San Javier', '0000-00-00 00:00:00', '0000-00-00 00:00:00', 0, 0, 0),
(229, 5, 'Presidente Roque Saez Peña', '0000-00-00 00:00:00', '0000-00-00 00:00:00', 0, 0, 0),
(230, 5, 'Presidente Roque Saenz Peña', '0000-00-00 00:00:00', '0000-00-00 00:00:00', 0, 0, 0),
(232, 5, 'Cruz De Eje', '0000-00-00 00:00:00', '0000-00-00 00:00:00', 0, 0, 0),
(233, 5, 'Coronel Pringles', '0000-00-00 00:00:00', '0000-00-00 00:00:00', 0, 0, 0),
(234, 5, 'Rio Tercero', '0000-00-00 00:00:00', '0000-00-00 00:00:00', 0, 0, 0),
(235, 5, 'Cvalamuchita', '0000-00-00 00:00:00', '0000-00-00 00:00:00', 0, 0, 0),
(236, 6, 'San Roque', '0000-00-00 00:00:00', '0000-00-00 00:00:00', 0, 0, 0),
(237, 6, 'Monte Caseros', '0000-00-00 00:00:00', '0000-00-00 00:00:00', 0, 0, 0),
(238, 6, 'General Alvear', '0000-00-00 00:00:00', '0000-00-00 00:00:00', 0, 0, 0),
(239, 6, 'Curuzu Cuatia', '0000-00-00 00:00:00', '0000-00-00 00:00:00', 0, 0, 0),
(240, 6, 'San Martin', '0000-00-00 00:00:00', '0000-00-00 00:00:00', 0, 0, 0),
(241, 6, 'Mercedes', '0000-00-00 00:00:00', '0000-00-00 00:00:00', 0, 0, 0),
(242, 6, 'Saladas', '0000-00-00 00:00:00', '0000-00-00 00:00:00', 0, 0, 0),
(243, 6, 'Ituzaingo', '0000-00-00 00:00:00', '0000-00-00 00:00:00', 0, 0, 0),
(244, 6, 'Beron De Astrada', '0000-00-00 00:00:00', '0000-00-00 00:00:00', 0, 0, 0),
(245, 6, 'Bella Vista', '0000-00-00 00:00:00', '0000-00-00 00:00:00', 0, 0, 0),
(246, 6, 'San Luis Del Palmar', '0000-00-00 00:00:00', '0000-00-00 00:00:00', 0, 0, 0),
(247, 6, 'Capital', '0000-00-00 00:00:00', '0000-00-00 00:00:00', 0, 0, 0),
(248, 6, 'Lavalle', '0000-00-00 00:00:00', '0000-00-00 00:00:00', 0, 0, 0),
(249, 6, 'Paso De Los Libres', '0000-00-00 00:00:00', '0000-00-00 00:00:00', 0, 0, 0),
(250, 6, 'Goya', '0000-00-00 00:00:00', '0000-00-00 00:00:00', 0, 0, 0),
(251, 6, 'Empedrado', '0000-00-00 00:00:00', '0000-00-00 00:00:00', 0, 0, 0),
(252, 6, 'Sauce', '0000-00-00 00:00:00', '0000-00-00 00:00:00', 0, 0, 0),
(253, 6, 'General Paz', '0000-00-00 00:00:00', '0000-00-00 00:00:00', 0, 0, 0),
(254, 6, 'Santo Tome', '0000-00-00 00:00:00', '0000-00-00 00:00:00', 0, 0, 0),
(255, 6, 'San Miguel', '0000-00-00 00:00:00', '0000-00-00 00:00:00', 0, 0, 0),
(256, 6, 'Concepcion', '0000-00-00 00:00:00', '0000-00-00 00:00:00', 0, 0, 0),
(257, 6, 'Esquina', '0000-00-00 00:00:00', '0000-00-00 00:00:00', 0, 0, 0),
(258, 6, 'San Cosme', '0000-00-00 00:00:00', '0000-00-00 00:00:00', 0, 0, 0),
(259, 6, 'Itati', '0000-00-00 00:00:00', '0000-00-00 00:00:00', 0, 0, 0),
(260, 6, 'Mburucuya', '0000-00-00 00:00:00', '0000-00-00 00:00:00', 0, 0, 0),
(261, 7, 'Uruguay', '0000-00-00 00:00:00', '0000-00-00 00:00:00', 0, 0, 0),
(262, 7, 'Nogoya', '0000-00-00 00:00:00', '0000-00-00 00:00:00', 0, 0, 0),
(263, 7, 'Tala', '0000-00-00 00:00:00', '0000-00-00 00:00:00', 0, 0, 0),
(264, 7, 'Gualeguay', '0000-00-00 00:00:00', '0000-00-00 00:00:00', 0, 0, 0),
(265, 7, 'Diamante', '0000-00-00 00:00:00', '0000-00-00 00:00:00', 0, 0, 0),
(266, 7, 'Parana', '0000-00-00 00:00:00', '0000-00-00 00:00:00', 0, 0, 0),
(267, 7, 'Gualeguaychu', '0000-00-00 00:00:00', '0000-00-00 00:00:00', 0, 0, 0),
(268, 7, 'Colon', '0000-00-00 00:00:00', '0000-00-00 00:00:00', 0, 0, 0),
(269, 7, 'Victoria', '0000-00-00 00:00:00', '0000-00-00 00:00:00', 0, 0, 0),
(270, 7, 'Villaguay', '0000-00-00 00:00:00', '0000-00-00 00:00:00', 0, 0, 0),
(271, 7, 'Feliciano', '0000-00-00 00:00:00', '0000-00-00 00:00:00', 0, 0, 0),
(272, 7, 'Concordia', '0000-00-00 00:00:00', '0000-00-00 00:00:00', 0, 0, 0),
(273, 7, 'La Paz', '0000-00-00 00:00:00', '0000-00-00 00:00:00', 0, 0, 0),
(274, 7, 'Federacion', '0000-00-00 00:00:00', '0000-00-00 00:00:00', 0, 0, 0),
(275, 7, 'Federal', '0000-00-00 00:00:00', '0000-00-00 00:00:00', 0, 0, 0),
(276, 7, 'Castellanos', '0000-00-00 00:00:00', '0000-00-00 00:00:00', 0, 0, 0),
(277, 8, 'Pilagas', '0000-00-00 00:00:00', '0000-00-00 00:00:00', 0, 0, 0),
(278, 8, 'Patiño', '0000-00-00 00:00:00', '0000-00-00 00:00:00', 0, 0, 0),
(279, 8, 'Pilcomayo', '0000-00-00 00:00:00', '0000-00-00 00:00:00', 0, 0, 0),
(280, 8, 'Bermejo', '0000-00-00 00:00:00', '0000-00-00 00:00:00', 0, 0, 0),
(281, 8, 'Pirane', '0000-00-00 00:00:00', '0000-00-00 00:00:00', 0, 0, 0),
(282, 8, 'Formosa', '0000-00-00 00:00:00', '0000-00-00 00:00:00', 0, 0, 0),
(283, 8, 'Matacos', '0000-00-00 00:00:00', '0000-00-00 00:00:00', 0, 0, 0),
(284, 8, 'Ramon Lista', '0000-00-00 00:00:00', '0000-00-00 00:00:00', 0, 0, 0),
(285, 8, 'Pillagas', '0000-00-00 00:00:00', '0000-00-00 00:00:00', 0, 0, 0),
(286, 8, 'Laishi', '0000-00-00 00:00:00', '0000-00-00 00:00:00', 0, 0, 0),
(287, 9, 'Ledesma', '0000-00-00 00:00:00', '0000-00-00 00:00:00', 0, 0, 0),
(288, 9, 'Cochinoca', '0000-00-00 00:00:00', '0000-00-00 00:00:00', 0, 0, 0),
(289, 9, 'El Carmen', '0000-00-00 00:00:00', '0000-00-00 00:00:00', 0, 0, 0),
(290, 9, 'Tumbaya', '0000-00-00 00:00:00', '0000-00-00 00:00:00', 0, 0, 0),
(291, 9, 'Capital', '0000-00-00 00:00:00', '0000-00-00 00:00:00', 0, 0, 0),
(292, 9, 'Yavi', '0000-00-00 00:00:00', '0000-00-00 00:00:00', 0, 0, 0),
(293, 9, 'Humahuaca', '0000-00-00 00:00:00', '0000-00-00 00:00:00', 0, 0, 0),
(294, 9, 'Rinconada', '0000-00-00 00:00:00', '0000-00-00 00:00:00', 0, 0, 0),
(295, 9, 'Valle Grande', '0000-00-00 00:00:00', '0000-00-00 00:00:00', 0, 0, 0),
(296, 9, 'Susques', '0000-00-00 00:00:00', '0000-00-00 00:00:00', 0, 0, 0),
(297, 9, 'Santa Catalina', '0000-00-00 00:00:00', '0000-00-00 00:00:00', 0, 0, 0),
(298, 9, 'San Antonio', '0000-00-00 00:00:00', '0000-00-00 00:00:00', 0, 0, 0),
(299, 9, 'Santa Barbara', '0000-00-00 00:00:00', '0000-00-00 00:00:00', 0, 0, 0),
(300, 9, 'San Pedro', '0000-00-00 00:00:00', '0000-00-00 00:00:00', 0, 0, 0),
(301, 9, 'Tilcara', '0000-00-00 00:00:00', '0000-00-00 00:00:00', 0, 0, 0),
(302, 9, 'Ladesma', '0000-00-00 00:00:00', '0000-00-00 00:00:00', 0, 0, 0),
(303, 10, 'Hucal', '0000-00-00 00:00:00', '0000-00-00 00:00:00', 0, 0, 0),
(304, 10, 'Realico', '0000-00-00 00:00:00', '0000-00-00 00:00:00', 0, 0, 0),
(305, 10, 'Mara Co', '0000-00-00 00:00:00', '0000-00-00 00:00:00', 0, 0, 0),
(306, 10, 'Quemuquemu', '0000-00-00 00:00:00', '0000-00-00 00:00:00', 0, 0, 0),
(307, 10, 'Chical Co', '0000-00-00 00:00:00', '0000-00-00 00:00:00', 0, 0, 0),
(308, 10, 'Guatrache', '0000-00-00 00:00:00', '0000-00-00 00:00:00', 0, 0, 0),
(309, 10, 'Capital', '0000-00-00 00:00:00', '0000-00-00 00:00:00', 0, 0, 0),
(310, 10, 'Caleucaleu', '0000-00-00 00:00:00', '0000-00-00 00:00:00', 0, 0, 0),
(311, 10, 'Trenel', '0000-00-00 00:00:00', '0000-00-00 00:00:00', 0, 0, 0),
(312, 10, 'Utracan', '0000-00-00 00:00:00', '0000-00-00 00:00:00', 0, 0, 0),
(313, 10, 'Atreuco', '0000-00-00 00:00:00', '0000-00-00 00:00:00', 0, 0, 0),
(314, 10, 'Toay', '0000-00-00 00:00:00', '0000-00-00 00:00:00', 0, 0, 0),
(315, 10, 'Chapadleufu', '0000-00-00 00:00:00', '0000-00-00 00:00:00', 0, 0, 0),
(316, 10, 'Conelo', '0000-00-00 00:00:00', '0000-00-00 00:00:00', 0, 0, 0),
(317, 10, 'Puelen', '0000-00-00 00:00:00', '0000-00-00 00:00:00', 0, 0, 0),
(318, 10, 'Rancul', '0000-00-00 00:00:00', '0000-00-00 00:00:00', 0, 0, 0),
(319, 10, 'Quemu Quemu', '0000-00-00 00:00:00', '0000-00-00 00:00:00', 0, 0, 0),
(320, 10, 'Loventue', '0000-00-00 00:00:00', '0000-00-00 00:00:00', 0, 0, 0),
(321, 10, 'Conhelo', '0000-00-00 00:00:00', '0000-00-00 00:00:00', 0, 0, 0),
(322, 10, 'Catrilo', '0000-00-00 00:00:00', '0000-00-00 00:00:00', 0, 0, 0),
(323, 10, 'Chapaleufu', '0000-00-00 00:00:00', '0000-00-00 00:00:00', 0, 0, 0),
(324, 10, 'Ultracan', '0000-00-00 00:00:00', '0000-00-00 00:00:00', 0, 0, 0),
(325, 10, 'Chalileo', '0000-00-00 00:00:00', '0000-00-00 00:00:00', 0, 0, 0),
(326, 10, 'Lihuel Calel', '0000-00-00 00:00:00', '0000-00-00 00:00:00', 0, 0, 0),
(327, 10, 'Maraco', '0000-00-00 00:00:00', '0000-00-00 00:00:00', 0, 0, 0),
(328, 10, 'Caleu Caleu', '0000-00-00 00:00:00', '0000-00-00 00:00:00', 0, 0, 0),
(329, 10, 'Curaco', '0000-00-00 00:00:00', '0000-00-00 00:00:00', 0, 0, 0),
(330, 10, 'Limay Mahuida', '0000-00-00 00:00:00', '0000-00-00 00:00:00', 0, 0, 0),
(331, 11, 'Castro Barros', '0000-00-00 00:00:00', '0000-00-00 00:00:00', 0, 0, 0),
(332, 11, 'General San Martin', '0000-00-00 00:00:00', '0000-00-00 00:00:00', 0, 0, 0),
(333, 11, 'General Lavalle', '0000-00-00 00:00:00', '0000-00-00 00:00:00', 0, 0, 0),
(334, 11, 'Arauco', '0000-00-00 00:00:00', '0000-00-00 00:00:00', 0, 0, 0),
(335, 11, 'Gral.angel V.peñaloza', '0000-00-00 00:00:00', '0000-00-00 00:00:00', 0, 0, 0),
(336, 11, 'San Blas De Los Sauces', '0000-00-00 00:00:00', '0000-00-00 00:00:00', 0, 0, 0),
(337, 11, 'Independencia', '0000-00-00 00:00:00', '0000-00-00 00:00:00', 0, 0, 0),
(338, 11, 'General Ocampo', '0000-00-00 00:00:00', '0000-00-00 00:00:00', 0, 0, 0),
(339, 11, 'Chilecito', '0000-00-00 00:00:00', '0000-00-00 00:00:00', 0, 0, 0),
(340, 11, 'Famatina', '0000-00-00 00:00:00', '0000-00-00 00:00:00', 0, 0, 0),
(341, 11, 'Grl.juan Facundo Quiroga', '0000-00-00 00:00:00', '0000-00-00 00:00:00', 0, 0, 0),
(342, 11, 'Grl.angel V. Peñaloza', '0000-00-00 00:00:00', '0000-00-00 00:00:00', 0, 0, 0),
(343, 11, 'General Belgrano', '0000-00-00 00:00:00', '0000-00-00 00:00:00', 0, 0, 0),
(344, 11, 'General Sarmiento', '0000-00-00 00:00:00', '0000-00-00 00:00:00', 0, 0, 0),
(345, 11, 'Capital', '0000-00-00 00:00:00', '0000-00-00 00:00:00', 0, 0, 0),
(346, 11, 'Gdor. Gordillo', '0000-00-00 00:00:00', '0000-00-00 00:00:00', 0, 0, 0),
(347, 11, 'General Angel Vicente Peñaloza', '0000-00-00 00:00:00', '0000-00-00 00:00:00', 0, 0, 0),
(348, 11, 'Gobernador Gordillo', '0000-00-00 00:00:00', '0000-00-00 00:00:00', 0, 0, 0),
(349, 11, 'Rosario Vera Peñaloza', '0000-00-00 00:00:00', '0000-00-00 00:00:00', 0, 0, 0),
(350, 11, 'Grl.san Martin', '0000-00-00 00:00:00', '0000-00-00 00:00:00', 0, 0, 0),
(351, 11, 'General La Madrid', '0000-00-00 00:00:00', '0000-00-00 00:00:00', 0, 0, 0),
(352, 11, 'General Juan Facundo Quiroga', '0000-00-00 00:00:00', '0000-00-00 00:00:00', 0, 0, 0),
(353, 11, 'Generalocampo', '0000-00-00 00:00:00', '0000-00-00 00:00:00', 0, 0, 0),
(354, 11, 'Sanagasta', '0000-00-00 00:00:00', '0000-00-00 00:00:00', 0, 0, 0),
(355, 12, 'San Rafael', '0000-00-00 00:00:00', '0000-00-00 00:00:00', 0, 0, 0),
(356, 12, 'Lujan', '0000-00-00 00:00:00', '0000-00-00 00:00:00', 0, 0, 0),
(357, 12, 'Malargue', '0000-00-00 00:00:00', '0000-00-00 00:00:00', 0, 0, 0),
(358, 12, 'Guaymallen', '0000-00-00 00:00:00', '0000-00-00 00:00:00', 0, 0, 0),
(359, 12, 'Lavalle', '0000-00-00 00:00:00', '0000-00-00 00:00:00', 0, 0, 0),
(360, 12, 'Junin', '0000-00-00 00:00:00', '0000-00-00 00:00:00', 0, 0, 0),
(361, 12, 'Tupungato', '0000-00-00 00:00:00', '0000-00-00 00:00:00', 0, 0, 0),
(362, 12, 'Rivadavia', '0000-00-00 00:00:00', '0000-00-00 00:00:00', 0, 0, 0),
(363, 12, 'Maipu', '0000-00-00 00:00:00', '0000-00-00 00:00:00', 0, 0, 0),
(364, 12, 'Godoy Cruz', '0000-00-00 00:00:00', '0000-00-00 00:00:00', 0, 0, 0),
(365, 12, 'General Alvear', '0000-00-00 00:00:00', '0000-00-00 00:00:00', 0, 0, 0),
(366, 12, 'La Paz', '0000-00-00 00:00:00', '0000-00-00 00:00:00', 0, 0, 0),
(367, 12, 'Tunuyan', '0000-00-00 00:00:00', '0000-00-00 00:00:00', 0, 0, 0),
(368, 12, 'San Carlos', '0000-00-00 00:00:00', '0000-00-00 00:00:00', 0, 0, 0),
(369, 12, 'Las Heras', '0000-00-00 00:00:00', '0000-00-00 00:00:00', 0, 0, 0),
(370, 12, 'Lujan De Cuyo', '0000-00-00 00:00:00', '0000-00-00 00:00:00', 0, 0, 0),
(371, 12, 'San Martin', '0000-00-00 00:00:00', '0000-00-00 00:00:00', 0, 0, 0),
(372, 12, 'Santa Rosa', '0000-00-00 00:00:00', '0000-00-00 00:00:00', 0, 0, 0),
(373, 12, 'Capital', '0000-00-00 00:00:00', '0000-00-00 00:00:00', 0, 0, 0),
(374, 13, '25 De Mayo', '0000-00-00 00:00:00', '0000-00-00 00:00:00', 0, 0, 0),
(375, 13, 'Iguazu', '0000-00-00 00:00:00', '0000-00-00 00:00:00', 0, 0, 0),
(376, 13, 'El Dorado', '0000-00-00 00:00:00', '0000-00-00 00:00:00', 0, 0, 0),
(377, 13, 'Leandro N. Alem', '0000-00-00 00:00:00', '0000-00-00 00:00:00', 0, 0, 0),
(378, 13, 'Apostoles', '0000-00-00 00:00:00', '0000-00-00 00:00:00', 0, 0, 0),
(379, 13, 'Cainguas', '0000-00-00 00:00:00', '0000-00-00 00:00:00', 0, 0, 0),
(380, 13, 'Leandro N.alem', '0000-00-00 00:00:00', '0000-00-00 00:00:00', 0, 0, 0),
(381, 13, 'Concepcion', '0000-00-00 00:00:00', '0000-00-00 00:00:00', 0, 0, 0),
(382, 13, 'San Pedro', '0000-00-00 00:00:00', '0000-00-00 00:00:00', 0, 0, 0),
(383, 13, 'Candelaria', '0000-00-00 00:00:00', '0000-00-00 00:00:00', 0, 0, 0),
(384, 13, 'Grl.manuel Belgrano', '0000-00-00 00:00:00', '0000-00-00 00:00:00', 0, 0, 0),
(385, 13, 'Obera', '0000-00-00 00:00:00', '0000-00-00 00:00:00', 0, 0, 0),
(386, 13, 'Libertador Grl.san Martin', '0000-00-00 00:00:00', '0000-00-00 00:00:00', 0, 0, 0),
(387, 13, 'San Ignacio', '0000-00-00 00:00:00', '0000-00-00 00:00:00', 0, 0, 0),
(388, 13, 'Montecarlo', '0000-00-00 00:00:00', '0000-00-00 00:00:00', 0, 0, 0),
(389, 13, 'General Manuel Belgrano', '0000-00-00 00:00:00', '0000-00-00 00:00:00', 0, 0, 0),
(390, 13, 'Lebertador Grl.san Martin', '0000-00-00 00:00:00', '0000-00-00 00:00:00', 0, 0, 0),
(391, 13, 'El Guarani', '0000-00-00 00:00:00', '0000-00-00 00:00:00', 0, 0, 0),
(392, 13, 'Eldorado', '0000-00-00 00:00:00', '0000-00-00 00:00:00', 0, 0, 0),
(393, 13, 'Capital', '0000-00-00 00:00:00', '0000-00-00 00:00:00', 0, 0, 0),
(394, 13, 'Guarani', '0000-00-00 00:00:00', '0000-00-00 00:00:00', 0, 0, 0),
(395, 13, 'San Javier', '0000-00-00 00:00:00', '0000-00-00 00:00:00', 0, 0, 0),
(396, 13, 'Libertador Grl. San Martin', '0000-00-00 00:00:00', '0000-00-00 00:00:00', 0, 0, 0),
(397, 14, 'Collon Cura', '0000-00-00 00:00:00', '0000-00-00 00:00:00', 0, 0, 0),
(398, 14, 'Alumine', '0000-00-00 00:00:00', '0000-00-00 00:00:00', 0, 0, 0),
(399, 14, 'Minas', '0000-00-00 00:00:00', '0000-00-00 00:00:00', 0, 0, 0),
(400, 14, 'Añelo', '0000-00-00 00:00:00', '0000-00-00 00:00:00', 0, 0, 0),
(401, 14, 'Confluencia', '0000-00-00 00:00:00', '0000-00-00 00:00:00', 0, 0, 0),
(402, 14, 'Chos Malal', '0000-00-00 00:00:00', '0000-00-00 00:00:00', 0, 0, 0),
(403, 14, 'Picunches', '0000-00-00 00:00:00', '0000-00-00 00:00:00', 0, 0, 0),
(404, 14, 'Norquin', '0000-00-00 00:00:00', '0000-00-00 00:00:00', 0, 0, 0),
(405, 14, 'Pehuenches', '0000-00-00 00:00:00', '0000-00-00 00:00:00', 0, 0, 0),
(406, 14, 'Loncopue', '0000-00-00 00:00:00', '0000-00-00 00:00:00', 0, 0, 0),
(407, 14, 'Huiliches', '0000-00-00 00:00:00', '0000-00-00 00:00:00', 0, 0, 0),
(408, 14, 'Zapala', '0000-00-00 00:00:00', '0000-00-00 00:00:00', 0, 0, 0),
(409, 14, 'Catan Lil', '0000-00-00 00:00:00', '0000-00-00 00:00:00', 0, 0, 0),
(410, 14, 'Ñorquin', '0000-00-00 00:00:00', '0000-00-00 00:00:00', 0, 0, 0),
(411, 14, 'Los Lagos', '0000-00-00 00:00:00', '0000-00-00 00:00:00', 0, 0, 0),
(412, 14, 'Picun Leufu', '0000-00-00 00:00:00', '0000-00-00 00:00:00', 0, 0, 0),
(413, 14, 'Lacar', '0000-00-00 00:00:00', '0000-00-00 00:00:00', 0, 0, 0),
(414, 14, 'Ñoequin', '0000-00-00 00:00:00', '0000-00-00 00:00:00', 0, 0, 0),
(415, 15, 'Valcheta', '0000-00-00 00:00:00', '0000-00-00 00:00:00', 0, 0, 0),
(416, 15, '25 De Mayo', '0000-00-00 00:00:00', '0000-00-00 00:00:00', 0, 0, 0),
(417, 15, 'El Cuy', '0000-00-00 00:00:00', '0000-00-00 00:00:00', 0, 0, 0),
(418, 15, 'Ñorquinco', '0000-00-00 00:00:00', '0000-00-00 00:00:00', 0, 0, 0),
(419, 15, 'General Roca', '0000-00-00 00:00:00', '0000-00-00 00:00:00', 0, 0, 0),
(420, 15, 'Avellaneda', '0000-00-00 00:00:00', '0000-00-00 00:00:00', 0, 0, 0),
(421, 15, 'Conesa', '0000-00-00 00:00:00', '0000-00-00 00:00:00', 0, 0, 0),
(422, 15, 'Pichi Mahuida', '0000-00-00 00:00:00', '0000-00-00 00:00:00', 0, 0, 0),
(423, 15, 'San Antonio', '0000-00-00 00:00:00', '0000-00-00 00:00:00', 0, 0, 0),
(424, 15, 'Pilcaniyeu', '0000-00-00 00:00:00', '0000-00-00 00:00:00', 0, 0, 0),
(425, 15, '9 De Julio', '0000-00-00 00:00:00', '0000-00-00 00:00:00', 0, 0, 0),
(426, 15, 'Adolfo Alsina', '0000-00-00 00:00:00', '0000-00-00 00:00:00', 0, 0, 0),
(427, 15, 'Bariloche', '0000-00-00 00:00:00', '0000-00-00 00:00:00', 0, 0, 0),
(428, 15, 'Pihi Mahuida', '0000-00-00 00:00:00', '0000-00-00 00:00:00', 0, 0, 0),
(429, 16, 'La Viña', '0000-00-00 00:00:00', '0000-00-00 00:00:00', 0, 0, 0),
(430, 16, 'San Martin', '0000-00-00 00:00:00', '0000-00-00 00:00:00', 0, 0, 0),
(431, 16, 'Oran', '0000-00-00 00:00:00', '0000-00-00 00:00:00', 0, 0, 0),
(432, 16, 'Anta', '0000-00-00 00:00:00', '0000-00-00 00:00:00', 0, 0, 0),
(433, 16, 'Gral.jose De San Martin', '0000-00-00 00:00:00', '0000-00-00 00:00:00', 0, 0, 0),
(434, 16, 'Guachipas', '0000-00-00 00:00:00', '0000-00-00 00:00:00', 0, 0, 0),
(435, 16, 'Rosario De La Frontera', '0000-00-00 00:00:00', '0000-00-00 00:00:00', 0, 0, 0),
(436, 16, 'Rivadavia', '0000-00-00 00:00:00', '0000-00-00 00:00:00', 0, 0, 0),
(437, 16, 'Metan', '0000-00-00 00:00:00', '0000-00-00 00:00:00', 0, 0, 0),
(438, 16, 'San Carlos', '0000-00-00 00:00:00', '0000-00-00 00:00:00', 0, 0, 0),
(439, 16, 'Grl.guemes', '0000-00-00 00:00:00', '0000-00-00 00:00:00', 0, 0, 0),
(440, 16, 'Cachi', '0000-00-00 00:00:00', '0000-00-00 00:00:00', 0, 0, 0),
(441, 16, 'Rosario De Lerma', '0000-00-00 00:00:00', '0000-00-00 00:00:00', 0, 0, 0),
(442, 16, 'Cafayate', '0000-00-00 00:00:00', '0000-00-00 00:00:00', 0, 0, 0),
(443, 16, 'Los Andes', '0000-00-00 00:00:00', '0000-00-00 00:00:00', 0, 0, 0),
(444, 16, 'Grl.jose De San Martin', '0000-00-00 00:00:00', '0000-00-00 00:00:00', 0, 0, 0),
(445, 16, 'Capital', '0000-00-00 00:00:00', '0000-00-00 00:00:00', 0, 0, 0),
(446, 16, 'Grl.san Martin', '0000-00-00 00:00:00', '0000-00-00 00:00:00', 0, 0, 0),
(447, 16, 'General Guemes', '0000-00-00 00:00:00', '0000-00-00 00:00:00', 0, 0, 0),
(448, 16, 'Cerrillos', '0000-00-00 00:00:00', '0000-00-00 00:00:00', 0, 0, 0),
(449, 16, 'Chicoana', '0000-00-00 00:00:00', '0000-00-00 00:00:00', 0, 0, 0),
(450, 16, 'La Poma', '0000-00-00 00:00:00', '0000-00-00 00:00:00', 0, 0, 0),
(451, 16, 'La Capital', '0000-00-00 00:00:00', '0000-00-00 00:00:00', 0, 0, 0),
(452, 16, 'Candelaria', '0000-00-00 00:00:00', '0000-00-00 00:00:00', 0, 0, 0),
(453, 16, 'Rosario', '0000-00-00 00:00:00', '0000-00-00 00:00:00', 0, 0, 0),
(454, 16, 'Iruya', '0000-00-00 00:00:00', '0000-00-00 00:00:00', 0, 0, 0),
(455, 16, 'La Caldera', '0000-00-00 00:00:00', '0000-00-00 00:00:00', 0, 0, 0),
(456, 16, 'Loa Andes', '0000-00-00 00:00:00', '0000-00-00 00:00:00', 0, 0, 0),
(457, 16, 'Molinos', '0000-00-00 00:00:00', '0000-00-00 00:00:00', 0, 0, 0),
(458, 16, 'Santa Victoria', '0000-00-00 00:00:00', '0000-00-00 00:00:00', 0, 0, 0),
(459, 17, '9 De Julio', '0000-00-00 00:00:00', '0000-00-00 00:00:00', 0, 0, 0),
(460, 17, 'Jachal', '0000-00-00 00:00:00', '0000-00-00 00:00:00', 0, 0, 0),
(461, 17, 'Albardon', '0000-00-00 00:00:00', '0000-00-00 00:00:00', 0, 0, 0),
(462, 17, '25 De Mayo', '0000-00-00 00:00:00', '0000-00-00 00:00:00', 0, 0, 0),
(463, 17, 'Santa Lucia', '0000-00-00 00:00:00', '0000-00-00 00:00:00', 0, 0, 0),
(464, 17, 'Angaco', '0000-00-00 00:00:00', '0000-00-00 00:00:00', 0, 0, 0),
(465, 17, 'Iglesia', '0000-00-00 00:00:00', '0000-00-00 00:00:00', 0, 0, 0),
(466, 17, 'Valle Fertil', '0000-00-00 00:00:00', '0000-00-00 00:00:00', 0, 0, 0),
(467, 17, 'Calingasta', '0000-00-00 00:00:00', '0000-00-00 00:00:00', 0, 0, 0),
(468, 17, 'Rivadavia', '0000-00-00 00:00:00', '0000-00-00 00:00:00', 0, 0, 0),
(469, 17, 'Caucete', '0000-00-00 00:00:00', '0000-00-00 00:00:00', 0, 0, 0),
(470, 17, 'Sarmiento', '0000-00-00 00:00:00', '0000-00-00 00:00:00', 0, 0, 0),
(471, 17, 'Pocito', '0000-00-00 00:00:00', '0000-00-00 00:00:00', 0, 0, 0),
(472, 17, 'San Martin', '0000-00-00 00:00:00', '0000-00-00 00:00:00', 0, 0, 0),
(473, 17, 'Chimbas', '0000-00-00 00:00:00', '0000-00-00 00:00:00', 0, 0, 0),
(474, 17, 'Iglesias', '0000-00-00 00:00:00', '0000-00-00 00:00:00', 0, 0, 0),
(475, 17, 'Ullun', '0000-00-00 00:00:00', '0000-00-00 00:00:00', 0, 0, 0),
(476, 17, 'Rawson', '0000-00-00 00:00:00', '0000-00-00 00:00:00', 0, 0, 0),
(477, 17, 'Capital', '0000-00-00 00:00:00', '0000-00-00 00:00:00', 0, 0, 0),
(478, 17, 'Zonda', '0000-00-00 00:00:00', '0000-00-00 00:00:00', 0, 0, 0),
(479, 18, 'Belgrano', '0000-00-00 00:00:00', '0000-00-00 00:00:00', 0, 0, 0),
(480, 18, 'Chacabuco', '0000-00-00 00:00:00', '0000-00-00 00:00:00', 0, 0, 0),
(481, 18, 'La Capital', '0000-00-00 00:00:00', '0000-00-00 00:00:00', 0, 0, 0),
(482, 18, 'Gobernador Dupuy', '0000-00-00 00:00:00', '0000-00-00 00:00:00', 0, 0, 0),
(483, 18, 'Grl.pedernera', '0000-00-00 00:00:00', '0000-00-00 00:00:00', 0, 0, 0),
(484, 18, 'Ayacucho', '0000-00-00 00:00:00', '0000-00-00 00:00:00', 0, 0, 0),
(485, 18, 'Junin', '0000-00-00 00:00:00', '0000-00-00 00:00:00', 0, 0, 0),
(486, 18, 'Gonernador Dupuy', '0000-00-00 00:00:00', '0000-00-00 00:00:00', 0, 0, 0),
(487, 18, 'Coronel Pringles', '0000-00-00 00:00:00', '0000-00-00 00:00:00', 0, 0, 0),
(488, 18, 'General Pedernera', '0000-00-00 00:00:00', '0000-00-00 00:00:00', 0, 0, 0),
(489, 18, 'Gobernador Duval', '0000-00-00 00:00:00', '0000-00-00 00:00:00', 0, 0, 0),
(490, 18, 'Iglesia', '0000-00-00 00:00:00', '0000-00-00 00:00:00', 0, 0, 0),
(491, 18, 'Libertador Grl. San Martin', '0000-00-00 00:00:00', '0000-00-00 00:00:00', 0, 0, 0),
(492, 18, 'Libertador Grl.san Martin', '0000-00-00 00:00:00', '0000-00-00 00:00:00', 0, 0, 0),
(493, 18, 'Libertador Gr.san Martin', '0000-00-00 00:00:00', '0000-00-00 00:00:00', 0, 0, 0),
(494, 18, 'Caucete', '0000-00-00 00:00:00', '0000-00-00 00:00:00', 0, 0, 0),
(495, 19, 'Guer Aike', '0000-00-00 00:00:00', '0000-00-00 00:00:00', 0, 0, 0),
(496, 19, 'Deseado', '0000-00-00 00:00:00', '0000-00-00 00:00:00', 0, 0, 0),
(497, 19, 'Rio Chico', '0000-00-00 00:00:00', '0000-00-00 00:00:00', 0, 0, 0),
(498, 19, 'Magallanes', '0000-00-00 00:00:00', '0000-00-00 00:00:00', 0, 0, 0),
(499, 19, 'Lago Argentino', '0000-00-00 00:00:00', '0000-00-00 00:00:00', 0, 0, 0),
(500, 19, 'Corpen Aike', '0000-00-00 00:00:00', '0000-00-00 00:00:00', 0, 0, 0),
(501, 19, 'Lago Buenos Aires', '0000-00-00 00:00:00', '0000-00-00 00:00:00', 0, 0, 0),
(502, 20, 'General Lopez', '0000-00-00 00:00:00', '0000-00-00 00:00:00', 0, 0, 0),
(503, 20, 'Rosario', '0000-00-00 00:00:00', '0000-00-00 00:00:00', 0, 0, 0),
(504, 20, 'General Obligado', '0000-00-00 00:00:00', '0000-00-00 00:00:00', 0, 0, 0),
(505, 20, 'Constitucion', '0000-00-00 00:00:00', '0000-00-00 00:00:00', 0, 0, 0),
(506, 20, 'San Lorenzo', '0000-00-00 00:00:00', '0000-00-00 00:00:00', 0, 0, 0),
(507, 20, 'San Javier', '0000-00-00 00:00:00', '0000-00-00 00:00:00', 0, 0, 0),
(508, 20, 'La Capital', '0000-00-00 00:00:00', '0000-00-00 00:00:00', 0, 0, 0),
(509, 20, 'San Cristobal', '0000-00-00 00:00:00', '0000-00-00 00:00:00', 0, 0, 0),
(510, 20, 'Iriondo', '0000-00-00 00:00:00', '0000-00-00 00:00:00', 0, 0, 0),
(511, 20, 'Castellanos', '0000-00-00 00:00:00', '0000-00-00 00:00:00', 0, 0, 0),
(512, 20, 'Nueve De Julio', '0000-00-00 00:00:00', '0000-00-00 00:00:00', 0, 0, 0),
(513, 20, 'Caseros', '0000-00-00 00:00:00', '0000-00-00 00:00:00', 0, 0, 0),
(514, 20, 'San Jeronimo', '0000-00-00 00:00:00', '0000-00-00 00:00:00', 0, 0, 0),
(515, 20, 'Belgrano', '0000-00-00 00:00:00', '0000-00-00 00:00:00', 0, 0, 0),
(516, 20, 'Capital', '0000-00-00 00:00:00', '0000-00-00 00:00:00', 0, 0, 0),
(517, 20, 'San Justo', '0000-00-00 00:00:00', '0000-00-00 00:00:00', 0, 0, 0),
(518, 20, 'Grl.obligado', '0000-00-00 00:00:00', '0000-00-00 00:00:00', 0, 0, 0),
(519, 20, 'La Caputal', '0000-00-00 00:00:00', '0000-00-00 00:00:00', 0, 0, 0),
(520, 20, 'Grl.lopez', '0000-00-00 00:00:00', '0000-00-00 00:00:00', 0, 0, 0),
(521, 20, 'Vera', '0000-00-00 00:00:00', '0000-00-00 00:00:00', 0, 0, 0),
(522, 20, '9 De Julio', '0000-00-00 00:00:00', '0000-00-00 00:00:00', 0, 0, 0),
(523, 20, 'San Martin', '0000-00-00 00:00:00', '0000-00-00 00:00:00', 0, 0, 0),
(524, 20, 'Las Colonias', '0000-00-00 00:00:00', '0000-00-00 00:00:00', 0, 0, 0),
(525, 20, 'Garay', '0000-00-00 00:00:00', '0000-00-00 00:00:00', 0, 0, 0),
(526, 20, 'Castelanos', '0000-00-00 00:00:00', '0000-00-00 00:00:00', 0, 0, 0),
(527, 20, 'Las Colinas', '0000-00-00 00:00:00', '0000-00-00 00:00:00', 0, 0, 0),
(528, 21, 'Banda', '0000-00-00 00:00:00', '0000-00-00 00:00:00', 0, 0, 0),
(529, 21, 'Moreno', '0000-00-00 00:00:00', '0000-00-00 00:00:00', 0, 0, 0),
(530, 21, 'Alberdi', '0000-00-00 00:00:00', '0000-00-00 00:00:00', 0, 0, 0),
(531, 21, 'Pellegrini', '0000-00-00 00:00:00', '0000-00-00 00:00:00', 0, 0, 0),
(532, 21, 'Ojo De Agua', '0000-00-00 00:00:00', '0000-00-00 00:00:00', 0, 0, 0),
(533, 21, 'Rio Hondo', '0000-00-00 00:00:00', '0000-00-00 00:00:00', 0, 0, 0),
(534, 21, 'General Taboada', '0000-00-00 00:00:00', '0000-00-00 00:00:00', 0, 0, 0),
(535, 21, 'Choya', '0000-00-00 00:00:00', '0000-00-00 00:00:00', 0, 0, 0),
(536, 21, 'Capital', '0000-00-00 00:00:00', '0000-00-00 00:00:00', 0, 0, 0),
(537, 21, 'Aguirre', '0000-00-00 00:00:00', '0000-00-00 00:00:00', 0, 0, 0),
(538, 21, 'Silipica', '0000-00-00 00:00:00', '0000-00-00 00:00:00', 0, 0, 0),
(539, 21, 'Belgrano', '0000-00-00 00:00:00', '0000-00-00 00:00:00', 0, 0, 0),
(540, 21, 'Figueroa', '0000-00-00 00:00:00', '0000-00-00 00:00:00', 0, 0, 0),
(541, 21, 'Salavina', '0000-00-00 00:00:00', '0000-00-00 00:00:00', 0, 0, 0),
(542, 21, 'Quebrachos', '0000-00-00 00:00:00', '0000-00-00 00:00:00', 0, 0, 0),
(543, 21, 'Robles', '0000-00-00 00:00:00', '0000-00-00 00:00:00', 0, 0, 0),
(544, 21, 'Avellaneda', '0000-00-00 00:00:00', '0000-00-00 00:00:00', 0, 0, 0),
(545, 21, 'Jimenez', '0000-00-00 00:00:00', '0000-00-00 00:00:00', 0, 0, 0),
(546, 21, 'Atamisqui', '0000-00-00 00:00:00', '0000-00-00 00:00:00', 0, 0, 0),
(547, 21, 'San Martin', '0000-00-00 00:00:00', '0000-00-00 00:00:00', 0, 0, 0),
(548, 21, 'Matara', '0000-00-00 00:00:00', '0000-00-00 00:00:00', 0, 0, 0),
(549, 21, 'Salayina', '0000-00-00 00:00:00', '0000-00-00 00:00:00', 0, 0, 0),
(550, 21, 'Guasayan', '0000-00-00 00:00:00', '0000-00-00 00:00:00', 0, 0, 0),
(551, 21, 'Copo', '0000-00-00 00:00:00', '0000-00-00 00:00:00', 0, 0, 0),
(552, 21, 'Brigadier Juan Felipe Ibarra', '0000-00-00 00:00:00', '0000-00-00 00:00:00', 0, 0, 0),
(553, 21, 'Dobles', '0000-00-00 00:00:00', '0000-00-00 00:00:00', 0, 0, 0),
(554, 21, 'Sarmiento', '0000-00-00 00:00:00', '0000-00-00 00:00:00', 0, 0, 0),
(555, 21, 'Loreto', '0000-00-00 00:00:00', '0000-00-00 00:00:00', 0, 0, 0),
(556, 21, 'Mitre', '0000-00-00 00:00:00', '0000-00-00 00:00:00', 0, 0, 0),
(557, 21, 'Rivadavia', '0000-00-00 00:00:00', '0000-00-00 00:00:00', 0, 0, 0),
(558, 22, 'Ushuaia', '0000-00-00 00:00:00', '0000-00-00 00:00:00', 0, 0, 0),
(559, 22, 'Islas Del Atlantico Sur', '0000-00-00 00:00:00', '0000-00-00 00:00:00', 0, 0, 0),
(560, 22, 'Sector Antartico Argentino', '0000-00-00 00:00:00', '0000-00-00 00:00:00', 0, 0, 0),
(561, 22, 'Rio Grande', '0000-00-00 00:00:00', '0000-00-00 00:00:00', 0, 0, 0),
(562, 22, 'Is.del Atlantico Sur E Is.malvinas', '0000-00-00 00:00:00', '0000-00-00 00:00:00', 0, 0, 0),
(563, 22, 'Antartida Argentina', '0000-00-00 00:00:00', '0000-00-00 00:00:00', 0, 0, 0),
(564, 23, 'Burruyacu', '0000-00-00 00:00:00', '0000-00-00 00:00:00', 0, 0, 0),
(565, 23, 'Trancas', '0000-00-00 00:00:00', '0000-00-00 00:00:00', 0, 0, 0),
(566, 23, 'Monteros', '0000-00-00 00:00:00', '0000-00-00 00:00:00', 0, 0, 0),
(567, 23, 'Leales', '0000-00-00 00:00:00', '0000-00-00 00:00:00', 0, 0, 0),
(568, 23, 'Cruz Alta', '0000-00-00 00:00:00', '0000-00-00 00:00:00', 0, 0, 0),
(569, 23, 'Rio Chico', '0000-00-00 00:00:00', '0000-00-00 00:00:00', 0, 0, 0),
(570, 23, 'Chicligasta', '0000-00-00 00:00:00', '0000-00-00 00:00:00', 0, 0, 0),
(571, 23, 'Tafi', '0000-00-00 00:00:00', '0000-00-00 00:00:00', 0, 0, 0),
(572, 23, 'Graneros', '0000-00-00 00:00:00', '0000-00-00 00:00:00', 0, 0, 0),
(573, 23, 'Famailla', '0000-00-00 00:00:00', '0000-00-00 00:00:00', 0, 0, 0),
(574, 23, 'Capital', '0000-00-00 00:00:00', '0000-00-00 00:00:00', 0, 0, 0);

-- --------------------------------------------------------

--
-- Estructura de tabla para la tabla `direcciones`
--

CREATE TABLE IF NOT EXISTS `direcciones` (
  `id_direccion` int(11) NOT NULL,
  `id_tipo` int(11) NOT NULL,
  `id_departamento` int(11) NOT NULL,
  `id_provincia` int(11) NOT NULL,
  `id_pais` int(11) NOT NULL,
  `direccion` varchar(128) NOT NULL,
  `cod_postal` varchar(32) NOT NULL,
  `date_add` datetime NOT NULL,
  `date_upd` datetime NOT NULL,
  `eliminado` tinyint(1) NOT NULL,
  `user_add` int(11) NOT NULL,
  `user_upd` int(11) NOT NULL
) ENGINE=InnoDB AUTO_INCREMENT=2 DEFAULT CHARSET=latin1;

--
-- Volcado de datos para la tabla `direcciones`
--

INSERT INTO `direcciones` (`id_direccion`, `id_tipo`, `id_departamento`, `id_provincia`, `id_pais`, `direccion`, `cod_postal`, `date_add`, `date_upd`, `eliminado`, `user_add`, `user_upd`) VALUES
(1, 1, 364, 12, 32, 'Costanera 1948', '5501', '2015-08-12 17:48:28', '2015-08-12 17:48:28', 0, 1, 1);

-- --------------------------------------------------------

--
-- Estructura de tabla para la tabla `documentos`
--

CREATE TABLE IF NOT EXISTS `documentos` (
  `id_documento` int(11) NOT NULL,
  `documento` varchar(512) NOT NULL,
  `date_add` datetime NOT NULL,
  `date_upd` datetime NOT NULL,
  `eliminado` tinyint(1) NOT NULL,
  `user_add` int(11) NOT NULL,
  `user_upd` int(11) NOT NULL
) ENGINE=InnoDB AUTO_INCREMENT=3 DEFAULT CHARSET=latin1;

--
-- Volcado de datos para la tabla `documentos`
--

INSERT INTO `documentos` (`id_documento`, `documento`, `date_add`, `date_upd`, `eliminado`, `user_add`, `user_upd`) VALUES
(2, 'http://localhost/Durox/documentos/0310.pdf', '2015-08-14 18:47:37', '2015-08-14 18:47:37', 0, 1, 1);

-- --------------------------------------------------------

--
-- Estructura de tabla para la tabla `empresas`
--

CREATE TABLE IF NOT EXISTS `empresas` (
  `id_empresa` int(11) NOT NULL,
  `nombre` varchar(64) NOT NULL,
  `eliminado` tinyint(4) NOT NULL,
  `user_add` int(11) NOT NULL,
  `user_upd` int(11) NOT NULL
) ENGINE=InnoDB AUTO_INCREMENT=2 DEFAULT CHARSET=latin1;

--
-- Volcado de datos para la tabla `empresas`
--

INSERT INTO `empresas` (`id_empresa`, `nombre`, `eliminado`, `user_add`, `user_upd`) VALUES
(1, 'Durox', 0, 0, 0);

-- --------------------------------------------------------

--
-- Estructura de tabla para la tabla `epocas_visitas`
--

CREATE TABLE IF NOT EXISTS `epocas_visitas` (
  `id_epoca_visita` int(11) NOT NULL,
  `epoca` varchar(128) NOT NULL,
  `date_add` datetime NOT NULL,
  `date_upd` datetime NOT NULL,
  `eliminado` tinyint(4) NOT NULL,
  `user_add` int(11) NOT NULL,
  `user_upd` int(11) NOT NULL
) ENGINE=InnoDB AUTO_INCREMENT=5 DEFAULT CHARSET=latin1;

--
-- Volcado de datos para la tabla `epocas_visitas`
--

INSERT INTO `epocas_visitas` (`id_epoca_visita`, `epoca`, `date_add`, `date_upd`, `eliminado`, `user_add`, `user_upd`) VALUES
(1, 'Verano', '2015-07-13 00:00:00', '2015-07-13 00:00:00', 0, 1, 1),
(2, 'Cosecha', '2015-07-13 00:00:00', '2015-08-13 14:00:29', 0, 1, 1),
(3, 'Vendimia', '2015-08-12 00:00:00', '2015-08-12 17:12:28', 0, 1, 1),
(4, 'Primavera', '2015-08-12 17:10:20', '2015-08-12 17:10:20', 0, 1, 1);

-- --------------------------------------------------------

--
-- Estructura de tabla para la tabla `estados_pedidos`
--

CREATE TABLE IF NOT EXISTS `estados_pedidos` (
  `id_estado_pedido` int(11) NOT NULL,
  `estado` varchar(64) NOT NULL,
  `eliminar_cliente` tinyint(1) NOT NULL,
  `eliminar_vendedor` tinyint(1) NOT NULL,
  `eliminar_visita` tinyint(4) NOT NULL,
  `date_add` datetime NOT NULL,
  `date_upd` datetime NOT NULL,
  `eliminado` int(11) NOT NULL,
  `user_add` int(11) NOT NULL,
  `user_upd` int(11) NOT NULL
) ENGINE=InnoDB AUTO_INCREMENT=5 DEFAULT CHARSET=latin1;

--
-- Volcado de datos para la tabla `estados_pedidos`
--

INSERT INTO `estados_pedidos` (`id_estado_pedido`, `estado`, `eliminar_cliente`, `eliminar_vendedor`, `eliminar_visita`, `date_add`, `date_upd`, `eliminado`, `user_add`, `user_upd`) VALUES
(1, '<span class="label label-default">En Proceso</span>', 0, 0, 0, '2015-06-16 00:00:00', '2015-06-16 00:00:00', 0, 0, 0),
(2, '<span class="label label-success">Enviado</span>', 0, 0, 0, '2015-06-18 00:00:00', '2015-06-18 00:00:00', 0, 0, 0),
(3, '<span class="label label-danger">Imposible de Enviar</span>', 1, 1, 1, '2015-06-18 00:00:00', '2015-06-18 00:00:00', 0, 0, 0),
(4, '<span class="label label-warning">Editado</span>', 0, 0, 0, '2015-08-02 00:00:00', '2015-08-02 00:00:00', 0, 1, 1);

-- --------------------------------------------------------

--
-- Estructura de tabla para la tabla `estados_presupuestos`
--

CREATE TABLE IF NOT EXISTS `estados_presupuestos` (
  `id_estado_presupuesto` int(11) NOT NULL,
  `estado` varchar(64) NOT NULL,
  `eliminar_cliente` tinyint(1) NOT NULL,
  `eliminar_vendedor` tinyint(1) NOT NULL,
  `eliminar_visita` tinyint(11) NOT NULL,
  `date_add` datetime NOT NULL,
  `date_upd` datetime NOT NULL,
  `eliminado` tinyint(4) NOT NULL,
  `user_add` int(11) NOT NULL,
  `user_upd` int(11) NOT NULL
) ENGINE=InnoDB AUTO_INCREMENT=5 DEFAULT CHARSET=latin1;

--
-- Volcado de datos para la tabla `estados_presupuestos`
--

INSERT INTO `estados_presupuestos` (`id_estado_presupuesto`, `estado`, `eliminar_cliente`, `eliminar_vendedor`, `eliminar_visita`, `date_add`, `date_upd`, `eliminado`, `user_add`, `user_upd`) VALUES
(1, '<span class="label label-default">Generado</span>', 0, 0, 0, '2015-06-18 00:00:00', '2015-06-18 00:00:00', 0, 0, 0),
(2, '<span class="label label-success">Aprobado</span>', 0, 0, 0, '2015-06-18 00:00:00', '2015-06-18 00:00:00', 0, 0, 0),
(3, '<span class="label label-danger">Anulado</span>', 1, 1, 1, '2015-06-18 00:00:00', '2015-06-18 00:00:00', 0, 0, 0),
(4, '<span class="label label-primary">Enviado a Cliente</span>', 0, 0, 0, '2015-06-18 00:00:00', '2015-06-18 00:00:00', 0, 0, 0);

-- --------------------------------------------------------

--
-- Estructura de tabla para la tabla `estados_productos_pedidos`
--

CREATE TABLE IF NOT EXISTS `estados_productos_pedidos` (
  `id_estado_producto_pedido` int(11) NOT NULL,
  `estado` varchar(64) NOT NULL,
  `eliminar_producto` tinyint(4) NOT NULL,
  `date_add` datetime NOT NULL,
  `date_upd` datetime NOT NULL,
  `eliminado` tinyint(4) NOT NULL,
  `user_add` int(11) NOT NULL,
  `user_upd` int(11) NOT NULL
) ENGINE=InnoDB AUTO_INCREMENT=5 DEFAULT CHARSET=latin1;

--
-- Volcado de datos para la tabla `estados_productos_pedidos`
--

INSERT INTO `estados_productos_pedidos` (`id_estado_producto_pedido`, `estado`, `eliminar_producto`, `date_add`, `date_upd`, `eliminado`, `user_add`, `user_upd`) VALUES
(1, 'En Proceso', 0, '2015-07-01 00:00:00', '2015-07-01 00:00:00', 0, 0, 0),
(2, 'Enviado', 1, '2015-07-01 00:00:00', '2015-07-01 00:00:00', 0, 0, 0),
(3, 'Imposible de Enviar', 1, '2015-07-01 00:00:00', '2015-07-01 00:00:00', 0, 0, 0),
(4, 'Nuevo', 0, '2015-08-01 00:00:00', '2015-08-01 00:00:00', 0, 1, 1);

-- --------------------------------------------------------

--
-- Estructura de tabla para la tabla `estados_productos_presupuestos`
--

CREATE TABLE IF NOT EXISTS `estados_productos_presupuestos` (
  `id_estado_producto_presupuesto` int(11) NOT NULL,
  `estado` varchar(64) NOT NULL,
  `eliminar_producto` tinyint(4) NOT NULL,
  `date_add` datetime NOT NULL,
  `date_upd` datetime NOT NULL,
  `eliminado` tinyint(4) NOT NULL,
  `user_add` int(11) NOT NULL,
  `user_upd` int(11) NOT NULL
) ENGINE=InnoDB AUTO_INCREMENT=4 DEFAULT CHARSET=latin1;

--
-- Volcado de datos para la tabla `estados_productos_presupuestos`
--

INSERT INTO `estados_productos_presupuestos` (`id_estado_producto_presupuesto`, `estado`, `eliminar_producto`, `date_add`, `date_upd`, `eliminado`, `user_add`, `user_upd`) VALUES
(1, 'En Espera', 0, '2015-06-18 00:00:00', '2015-06-18 00:00:00', 0, 0, 0),
(2, 'Aceptado', 0, '2015-06-18 00:00:00', '2015-06-18 00:00:00', 0, 0, 0),
(3, 'Rechazado', 1, '2015-06-18 00:00:00', '2015-06-18 00:00:00', 0, 0, 0);

-- --------------------------------------------------------

--
-- Estructura de tabla para la tabla `grupos_clientes`
--

CREATE TABLE IF NOT EXISTS `grupos_clientes` (
  `id_grupo_cliente` int(11) NOT NULL,
  `grupo_nombre` varchar(64) NOT NULL,
  `date_add` datetime NOT NULL,
  `date_upd` datetime NOT NULL,
  `eliminado` tinyint(4) NOT NULL,
  `user_add` int(11) NOT NULL,
  `user_upd` int(11) NOT NULL
) ENGINE=InnoDB AUTO_INCREMENT=3 DEFAULT CHARSET=latin1;

--
-- Volcado de datos para la tabla `grupos_clientes`
--

INSERT INTO `grupos_clientes` (`id_grupo_cliente`, `grupo_nombre`, `date_add`, `date_upd`, `eliminado`, `user_add`, `user_upd`) VALUES
(1, 'Sin Grupo', '2015-07-01 00:00:00', '2015-07-01 00:00:00', 0, 1, 1),
(2, 'Descuento', '2015-08-12 22:23:51', '2015-08-12 22:23:51', 0, 1, 1);

-- --------------------------------------------------------

--
-- Estructura de tabla para la tabla `iva`
--

CREATE TABLE IF NOT EXISTS `iva` (
  `id_iva` int(11) NOT NULL,
  `iva` varchar(64) NOT NULL,
  `date_add` datetime NOT NULL,
  `date_upd` datetime NOT NULL,
  `eliminado` tinyint(4) NOT NULL,
  `user_add` int(11) NOT NULL,
  `user_upd` int(11) NOT NULL
) ENGINE=InnoDB AUTO_INCREMENT=3 DEFAULT CHARSET=latin1;

--
-- Volcado de datos para la tabla `iva`
--

INSERT INTO `iva` (`id_iva`, `iva`, `date_add`, `date_upd`, `eliminado`, `user_add`, `user_upd`) VALUES
(1, 'Monotributista', '2015-06-16 00:00:00', '2015-06-16 00:00:00', 0, 0, 0),
(2, 'Responsable Inscripto', '2015-06-16 00:00:00', '2015-06-16 00:00:00', 0, 0, 0);

-- --------------------------------------------------------

--
-- Estructura de tabla para la tabla `linea_productos_pedidos`
--

CREATE TABLE IF NOT EXISTS `linea_productos_pedidos` (
  `id_linea_producto_pedido` int(11) NOT NULL,
  `id_pedido` int(11) NOT NULL,
  `id_producto` int(11) NOT NULL,
  `precio` float NOT NULL,
  `cantidad` int(11) NOT NULL,
  `subtotal` float NOT NULL,
  `id_estado_producto_pedido` int(11) NOT NULL,
  `aprobado_back` tinyint(1) NOT NULL,
  `aprobado_front` tinyint(1) NOT NULL,
  `date_add` datetime NOT NULL,
  `date_upd` datetime NOT NULL,
  `eliminado` tinyint(4) NOT NULL,
  `user_add` int(11) NOT NULL,
  `user_upd` int(11) NOT NULL
) ENGINE=InnoDB AUTO_INCREMENT=76 DEFAULT CHARSET=latin1;

--
-- Volcado de datos para la tabla `linea_productos_pedidos`
--

INSERT INTO `linea_productos_pedidos` (`id_linea_producto_pedido`, `id_pedido`, `id_producto`, `precio`, `cantidad`, `subtotal`, `id_estado_producto_pedido`, `aprobado_back`, `aprobado_front`, `date_add`, `date_upd`, `eliminado`, `user_add`, `user_upd`) VALUES
(1, 1, 1, 5.25, 150, 787.5, 1, 0, 0, '2015-08-12 17:51:39', '2015-08-18 21:19:25', 1, 1, 1),
(2, 1, 2, 4.25, 120, 510, 1, 0, 0, '2015-08-12 17:51:39', '2015-08-18 21:19:25', 1, 1, 1),
(3, 2, 2, 4.25, 250, 1062.5, 1, 0, 0, '2015-08-12 18:20:56', '2015-08-19 13:42:08', 1, 1, 1),
(4, 2, 7, 12.45, 120, 1494, 1, 0, 0, '2015-08-12 18:20:56', '2015-08-19 13:43:09', 1, 1, 1),
(5, 3, 7, 12.45, 150, 1867.5, 3, 0, 0, '2015-08-18 15:02:34', '2015-08-18 20:52:45', 1, 1, 1),
(6, 3, 3, 4.89, 20, 97.8, 1, 0, 0, '2015-08-18 15:02:34', '2015-08-18 21:19:01', 1, 1, 1),
(7, 4, 1, 5.25, 15, 78.75, 3, 0, 1, '2015-08-18 16:52:59', '2015-08-18 18:47:49', 0, 1, 1),
(8, 4, 2, 4.25, 10, 42.5, 3, 0, 1, '2015-08-18 16:53:00', '2015-08-18 18:47:50', 0, 1, 1),
(9, 4, 3, 4.89, 20, 97.8, 3, 0, 1, '2015-08-18 16:53:00', '2015-08-18 18:49:44', 0, 1, 1),
(10, 4, 4, 3.6, 15, 54, 3, 0, 1, '2015-08-18 16:53:00', '2015-08-18 18:35:33', 0, 1, 1),
(11, 4, 1, 5.25, 15, 78.75, 1, 0, 0, '2015-08-18 17:25:14', '2015-08-18 17:25:14', 0, 1, 1),
(12, 4, 5, 4.55, 200, 910, 1, 0, 0, '2015-08-18 17:29:33', '2015-08-18 17:29:33', 0, 1, 1),
(13, 4, 6, 5.35, 150, 802.5, 1, 0, 0, '2015-08-18 17:29:59', '2015-08-18 17:29:59', 0, 1, 1),
(14, 4, 7, 12.45, 120, 1494, 3, 0, 0, '2015-08-18 17:30:30', '2015-08-18 18:34:07', 0, 1, 1),
(15, 4, 2, 4.25, 15, 63.75, 1, 0, 0, '2015-08-18 17:31:06', '2015-08-18 17:31:06', 0, 1, 1),
(16, 4, 3, 4.89, 150, 733.5, 3, 0, 0, '2015-08-18 17:31:43', '2015-08-18 18:47:52', 0, 1, 1),
(17, 4, 4, 3.6, 1000, 3600, 3, 0, 0, '2015-08-18 17:32:02', '2015-08-18 18:36:05', 0, 1, 1),
(18, 4, 3, 4.89, 150, 733.5, 1, 0, 0, '2015-08-18 17:32:30', '2015-08-18 17:32:30', 0, 1, 1),
(19, 4, 3, 4.89, 150, 733.5, 1, 0, 0, '2015-08-18 17:36:11', '2015-08-18 17:36:11', 0, 1, 1),
(20, 4, 2, 4.25, 150, 637.5, 1, 0, 0, '2015-08-18 17:36:16', '2015-08-18 17:36:16', 0, 1, 1),
(21, 1, 3, 4.89, 120, 586.8, 1, 0, 0, '2015-08-18 17:38:12', '2015-08-18 21:20:31', 1, 1, 1),
(22, 1, 4, 3.6, 150, 540, 1, 0, 0, '2015-08-18 17:38:20', '2015-08-18 21:20:31', 1, 1, 1),
(23, 1, 5, 4.55, 99, 450.45, 1, 0, 0, '2015-08-18 17:38:32', '2015-08-18 21:21:42', 1, 1, 1),
(24, 1, 3, 4.89, 33, 161.37, 1, 0, 0, '2015-08-18 17:38:42', '2015-08-18 21:21:14', 1, 1, 1),
(25, 1, 2, 4.25, 240, 1020, 1, 0, 0, '2015-08-18 17:39:00', '2015-08-18 21:27:24', 1, 1, 1),
(26, 1, 4, 3.6, 20, 72, 1, 0, 0, '2015-08-18 17:45:41', '2015-08-18 21:21:14', 1, 1, 1),
(27, 1, 1, 5.25, 200, 1050, 1, 0, 0, '2015-08-18 17:45:49', '2015-08-18 21:21:14', 1, 1, 1),
(28, 1, 3, 4.89, 150, 733.5, 1, 0, 0, '2015-08-18 17:49:19', '2015-08-18 21:22:09', 1, 1, 1),
(29, 1, 4, 3.6, 200, 720, 1, 0, 0, '2015-08-18 18:02:12', '2015-08-18 21:22:09', 1, 1, 1),
(30, 1, 1, 5.25, 20, 105, 1, 0, 0, '2015-08-18 18:02:29', '2015-08-18 21:22:09', 1, 1, 1),
(31, 1, 2, 4.25, 50, 212.5, 1, 0, 0, '2015-08-18 18:02:37', '2015-08-18 21:22:09', 1, 1, 1),
(32, 1, 3, 4.89, 150, 733.5, 1, 0, 0, '2015-08-18 18:02:44', '2015-08-18 21:22:09', 1, 1, 1),
(33, 1, 4, 3.6, 250, 900, 1, 0, 0, '2015-08-18 18:03:03', '2015-08-18 21:22:09', 1, 1, 1),
(34, 1, 1, 5.25, 240, 1260, 1, 0, 0, '2015-08-18 18:03:11', '2015-08-18 21:22:09', 1, 1, 1),
(35, 1, 3, 4.89, 250, 1222.5, 1, 0, 0, '2015-08-18 18:03:19', '2015-08-18 21:22:09', 1, 1, 1),
(36, 2, 1, 5.25, 150, 787.5, 1, 0, 0, '2015-08-18 18:04:34', '2015-08-19 13:43:09', 1, 1, 1),
(37, 2, 3, 4.89, 15, 73.35, 1, 0, 0, '2015-08-18 18:04:56', '2015-08-19 13:43:09', 1, 1, 1),
(38, 2, 4, 3.6, 250, 900, 1, 0, 0, '2015-08-18 18:05:17', '2015-08-19 13:43:09', 1, 1, 1),
(39, 2, 6, 5.35, 25, 133.75, 1, 0, 0, '2015-08-18 18:05:52', '2015-08-19 13:43:09', 1, 1, 1),
(40, 2, 5, 4.55, 25, 113.75, 1, 0, 0, '2015-08-18 18:06:32', '2015-08-19 13:43:09', 1, 1, 1),
(41, 4, 1, 5.25, 250, 1312.5, 1, 0, 0, '2015-08-18 18:15:46', '2015-08-18 18:15:46', 0, 1, 1),
(42, 4, 2, 4.25, 350, 1487.5, 3, 0, 0, '2015-08-18 18:25:19', '2015-08-18 18:35:37', 0, 1, 1),
(43, 4, 3, 4.89, 150, 733.5, 3, 0, 0, '2015-08-18 18:26:16', '2015-08-18 18:36:50', 0, 1, 1),
(44, 4, 2, 4.25, 120, 510, 1, 0, 0, '2015-08-18 18:26:25', '2015-08-18 18:26:25', 0, 1, 1),
(45, 4, 3, 4.89, 120, 586.8, 1, 0, 0, '2015-08-18 18:46:25', '2015-08-18 18:46:25', 0, 1, 1),
(46, 4, 4, 3.6, 120, 432, 3, 0, 0, '2015-08-18 18:47:45', '2015-08-18 18:47:47', 0, 1, 1),
(47, 4, 8, 2.59, 120, 310.8, 3, 0, 0, '2015-08-18 18:48:45', '2015-08-18 18:49:40', 0, 1, 1),
(48, 4, 5, 4.55, 120, 546, 1, 0, 0, '2015-08-18 18:48:56', '2015-08-18 18:48:56', 0, 1, 1),
(49, 4, 4, 3.6, 15, 54, 1, 0, 0, '2015-08-18 18:49:18', '2015-08-18 18:49:18', 0, 1, 1),
(50, 4, 3, 4.89, 20, 97.8, 1, 0, 0, '2015-08-18 18:49:55', '2015-08-18 18:49:55', 0, 1, 1),
(51, 2, 4, 3.6, 150, 540, 1, 0, 0, '2015-08-18 18:54:41', '2015-08-19 13:43:09', 1, 1, 1),
(52, 2, 4, 3.6, 20, 72, 1, 0, 0, '2015-08-18 18:55:46', '2015-08-19 13:43:09', 1, 1, 1),
(53, 2, 7, 12.45, 20, 249, 1, 0, 0, '2015-08-18 18:56:38', '2015-08-18 20:42:20', 0, 1, 1),
(54, 2, 4, 3.6, 150, 540, 1, 0, 0, '2015-08-18 18:57:07', '2015-08-19 13:43:09', 1, 1, 1),
(55, 2, 2, 4.25, 20, 85, 1, 0, 0, '2015-08-18 18:57:15', '2015-08-19 13:43:09', 1, 1, 1),
(56, 2, 3, 4.89, 25, 122.25, 1, 0, 0, '2015-08-18 19:00:32', '2015-08-19 13:43:09', 1, 1, 1),
(57, 2, 2, 4.25, 30, 127.5, 1, 0, 0, '2015-08-18 19:00:37', '2015-08-19 13:43:09', 1, 1, 1),
(58, 2, 4, 3.6, 150, 540, 1, 0, 0, '2015-08-18 19:00:42', '2015-08-19 13:43:09', 1, 1, 1),
(59, 2, 3, 4.89, 150, 733.5, 1, 0, 0, '2015-08-18 20:03:42', '2015-08-19 13:43:09', 1, 1, 1),
(60, 2, 2, 4.25, 30, 127.5, 1, 0, 0, '2015-08-18 20:03:46', '2015-08-18 20:34:38', 0, 1, 1),
(61, 2, 4, 3.6, 150, 540, 1, 0, 0, '2015-08-18 20:07:23', '2015-08-18 20:23:20', 0, 1, 1),
(62, 2, 3, 4.89, 150, 733.5, 1, 0, 0, '2015-08-18 20:08:53', '2015-08-19 13:43:09', 1, 1, 1),
(63, 2, 3, 4.89, 20, 97.8, 1, 0, 0, '2015-08-18 20:09:01', '2015-08-18 20:24:20', 0, 1, 1),
(64, 2, 2, 4.25, 510, 2167.5, 1, 0, 0, '2015-08-18 20:23:56', '2015-08-19 13:43:10', 1, 1, 1),
(65, 2, 3, 4.89, 210, 1026.9, 1, 0, 0, '2015-08-18 20:24:42', '2015-08-19 13:43:10', 1, 1, 1),
(66, 3, 3, 4.89, 150, 733.5, 1, 0, 0, '2015-08-18 20:52:49', '2015-08-18 20:52:49', 0, 1, 1),
(67, 1, 3, 4.89, 150, 733.5, 1, 0, 0, '2015-08-18 21:25:09', '2015-08-18 21:38:10', 1, 1, 1),
(68, 1, 1, 5.25, 200, 1050, 1, 0, 0, '2015-08-18 21:27:20', '2015-08-19 13:39:44', 0, 1, 0),
(69, 1, 3, 4.89, 150, 733.5, 1, 0, 0, '2015-08-18 21:38:26', '2015-08-19 13:39:46', 1, 1, 0),
(70, 1, 2, 4.25, 100, 425, 1, 0, 0, '2015-08-18 21:38:31', '2015-08-18 21:46:38', 1, 1, 1),
(71, 2, 1, 5.25, 150, 787.5, 1, 0, 0, '2015-08-19 13:46:07', '2015-08-19 13:57:30', 1, 1, 1),
(72, 2, 1, 5.25, 100, 525, 1, 0, 0, '2015-08-19 13:47:14', '2015-08-19 13:57:30', 1, 1, 1),
(73, 2, 1, 5.25, 120, 630, 1, 0, 0, '2015-08-19 13:49:34', '2015-08-19 13:57:30', 1, 1, 1),
(74, 2, 2, 4.25, 100, 425, 1, 0, 0, '2015-08-19 13:49:39', '2015-08-19 13:49:39', 0, 1, 1),
(75, 2, 1, 5.25, 100, 525, 4, 0, 0, '2015-08-19 13:57:16', '2015-08-19 13:57:16', 0, 1, 1);

-- --------------------------------------------------------

--
-- Estructura de tabla para la tabla `linea_productos_presupuestos`
--

CREATE TABLE IF NOT EXISTS `linea_productos_presupuestos` (
  `id_linea_producto_presupuesto` int(11) NOT NULL,
  `id_presupuesto` int(11) NOT NULL,
  `id_producto` int(11) NOT NULL,
  `precio` float NOT NULL,
  `cantidad` int(11) NOT NULL,
  `subtotal` float NOT NULL,
  `id_estado_producto_presupuesto` int(11) NOT NULL,
  `date_add` datetime NOT NULL,
  `date_upd` datetime NOT NULL,
  `eliminado` tinyint(4) NOT NULL,
  `user_add` int(11) NOT NULL,
  `user_upd` int(11) NOT NULL
) ENGINE=InnoDB AUTO_INCREMENT=14 DEFAULT CHARSET=latin1;

--
-- Volcado de datos para la tabla `linea_productos_presupuestos`
--

INSERT INTO `linea_productos_presupuestos` (`id_linea_producto_presupuesto`, `id_presupuesto`, `id_producto`, `precio`, `cantidad`, `subtotal`, `id_estado_producto_presupuesto`, `date_add`, `date_upd`, `eliminado`, `user_add`, `user_upd`) VALUES
(1, 1, 1, 5.25, 150, 787.5, 2, '2015-08-12 17:51:29', '2015-08-12 17:51:39', 0, 1, 1),
(2, 1, 2, 4.25, 120, 510, 2, '2015-08-12 17:51:32', '2015-08-12 17:51:39', 0, 1, 1),
(3, 2, 2, 4.25, 250, 1062.5, 2, '2015-08-12 18:20:33', '2015-08-12 18:20:56', 0, 1, 1),
(4, 2, 7, 12.45, 120, 1494, 2, '2015-08-12 18:20:38', '2015-08-12 18:20:56', 0, 1, 1),
(5, 3, 1, 5.25, 150, 787.5, 3, '2015-08-12 20:34:45', '2015-08-12 20:34:46', 0, 1, 1),
(6, 3, 2, 4.25, 150, 637.5, 1, '2015-08-12 20:34:50', '2015-08-12 20:34:50', 0, 1, 1),
(7, 4, 7, 12.45, 150, 1867.5, 2, '2015-08-13 21:56:22', '2015-08-18 15:02:34', 0, 1, 1),
(8, 4, 3, 4.89, 20, 97.8, 2, '2015-08-13 21:56:27', '2015-08-18 15:02:34', 0, 1, 1),
(9, 5, 1, 5.25, 15, 78.75, 2, '2015-08-18 16:41:06', '2015-08-18 16:53:00', 0, 1, 1),
(10, 5, 2, 4.25, 10, 42.5, 2, '2015-08-18 16:41:10', '2015-08-18 16:53:00', 0, 1, 1),
(11, 5, 3, 4.89, 20, 97.8, 2, '2015-08-18 16:41:16', '2015-08-18 16:53:00', 0, 1, 1),
(12, 5, 4, 3.6, 15, 54, 2, '2015-08-18 16:41:54', '2015-08-18 16:53:00', 0, 1, 1),
(13, 6, 1, 5.25, 150, 787.5, 1, '2015-08-18 18:13:52', '2015-08-18 18:13:52', 0, 1, 1);

-- --------------------------------------------------------

--
-- Estructura de tabla para la tabla `log_linea_pedidos`
--

CREATE TABLE IF NOT EXISTS `log_linea_pedidos` (
  `id_log` int(11) NOT NULL,
  `id_linea` int(11) NOT NULL,
  `id_accion` int(11) NOT NULL,
  `date_add` datetime NOT NULL,
  `user_add` int(11) NOT NULL
) ENGINE=InnoDB DEFAULT CHARSET=latin1;

-- --------------------------------------------------------

--
-- Estructura de tabla para la tabla `mails`
--

CREATE TABLE IF NOT EXISTS `mails` (
  `id_mail` int(11) NOT NULL,
  `id_tipo` int(11) NOT NULL,
  `mail` varchar(128) NOT NULL,
  `date_add` datetime NOT NULL,
  `date_upd` datetime NOT NULL,
  `eliminado` tinyint(1) NOT NULL,
  `user_add` int(11) NOT NULL,
  `user_upd` int(11) NOT NULL
) ENGINE=InnoDB AUTO_INCREMENT=2 DEFAULT CHARSET=latin1;

--
-- Volcado de datos para la tabla `mails`
--

INSERT INTO `mails` (`id_mail`, `id_tipo`, `mail`, `date_add`, `date_upd`, `eliminado`, `user_add`, `user_upd`) VALUES
(1, 2, 'cristiannemesis101@hotmail.com', '2015-08-12 17:48:44', '2015-08-12 17:48:44', 0, 1, 1);

-- --------------------------------------------------------

--
-- Estructura de tabla para la tabla `origen`
--

CREATE TABLE IF NOT EXISTS `origen` (
  `id_origen` int(11) NOT NULL,
  `origen` varchar(256) NOT NULL,
  `date_add` datetime NOT NULL,
  `date_upd` datetime NOT NULL,
  `eliminado` tinyint(4) NOT NULL,
  `user_add` int(11) NOT NULL,
  `user_upd` int(11) NOT NULL
) ENGINE=InnoDB AUTO_INCREMENT=4 DEFAULT CHARSET=latin1;

--
-- Volcado de datos para la tabla `origen`
--

INSERT INTO `origen` (`id_origen`, `origen`, `date_add`, `date_upd`, `eliminado`, `user_add`, `user_upd`) VALUES
(1, '<i class="fa fa-tablet"></i> Tablet', '2015-08-10 00:00:00', '2015-08-10 00:00:00', 0, 0, 0),
(2, '<i class="fa fa-desktop"></i> Backend', '2015-08-10 00:00:00', '2015-08-10 00:00:00', 0, 0, 0),
(3, '<i class="fa fa-database"></i> DB externa', '2015-08-12 00:00:00', '2015-08-12 00:00:00', 0, 1, 1);

-- --------------------------------------------------------

--
-- Estructura de tabla para la tabla `paises`
--

CREATE TABLE IF NOT EXISTS `paises` (
  `id_pais` int(3) unsigned zerofill NOT NULL,
  `nombre_pais` varchar(100) CHARACTER SET utf8 COLLATE utf8_unicode_ci NOT NULL,
  `date_add` datetime NOT NULL,
  `date_upd` datetime NOT NULL,
  `eliminado` tinyint(4) NOT NULL,
  `user_add` int(11) NOT NULL,
  `user_upd` int(11) NOT NULL
) ENGINE=InnoDB AUTO_INCREMENT=895 DEFAULT CHARSET=latin1;

--
-- Volcado de datos para la tabla `paises`
--

INSERT INTO `paises` (`id_pais`, `nombre_pais`, `date_add`, `date_upd`, `eliminado`, `user_add`, `user_upd`) VALUES
(004, 'Afganistán', '0000-00-00 00:00:00', '0000-00-00 00:00:00', 0, 0, 0),
(008, 'Albania', '0000-00-00 00:00:00', '0000-00-00 00:00:00', 0, 0, 0),
(010, 'Antártida', '0000-00-00 00:00:00', '0000-00-00 00:00:00', 0, 0, 0),
(012, 'Argelia', '0000-00-00 00:00:00', '0000-00-00 00:00:00', 0, 0, 0),
(016, 'Samoa Americana', '0000-00-00 00:00:00', '0000-00-00 00:00:00', 0, 0, 0),
(020, 'Andorra', '0000-00-00 00:00:00', '0000-00-00 00:00:00', 0, 0, 0),
(024, 'Angola', '0000-00-00 00:00:00', '0000-00-00 00:00:00', 0, 0, 0),
(028, 'Antigua y Barbuda', '0000-00-00 00:00:00', '0000-00-00 00:00:00', 0, 0, 0),
(031, 'Azerbaiyán', '0000-00-00 00:00:00', '0000-00-00 00:00:00', 0, 0, 0),
(032, 'Argentina', '0000-00-00 00:00:00', '0000-00-00 00:00:00', 0, 0, 0),
(036, 'Australia', '0000-00-00 00:00:00', '0000-00-00 00:00:00', 0, 0, 0),
(040, 'Austria', '0000-00-00 00:00:00', '0000-00-00 00:00:00', 0, 0, 0),
(044, 'Bahamas', '0000-00-00 00:00:00', '0000-00-00 00:00:00', 0, 0, 0),
(048, 'Bahréin', '0000-00-00 00:00:00', '0000-00-00 00:00:00', 0, 0, 0),
(050, 'Bangladesh', '0000-00-00 00:00:00', '0000-00-00 00:00:00', 0, 0, 0),
(051, 'Armenia', '0000-00-00 00:00:00', '0000-00-00 00:00:00', 0, 0, 0),
(052, 'Barbados', '0000-00-00 00:00:00', '0000-00-00 00:00:00', 0, 0, 0),
(056, 'Bélgica', '0000-00-00 00:00:00', '0000-00-00 00:00:00', 0, 0, 0),
(060, 'Bermudas', '0000-00-00 00:00:00', '0000-00-00 00:00:00', 0, 0, 0),
(064, 'Bhután', '0000-00-00 00:00:00', '0000-00-00 00:00:00', 0, 0, 0),
(068, 'Bolivia', '0000-00-00 00:00:00', '0000-00-00 00:00:00', 0, 0, 0),
(070, 'Bosnia y Herzegovina', '0000-00-00 00:00:00', '0000-00-00 00:00:00', 0, 0, 0),
(072, 'Botsuana', '0000-00-00 00:00:00', '0000-00-00 00:00:00', 0, 0, 0),
(074, 'Isla Bouvet', '0000-00-00 00:00:00', '0000-00-00 00:00:00', 0, 0, 0),
(076, 'Brasil', '0000-00-00 00:00:00', '0000-00-00 00:00:00', 0, 0, 0),
(084, 'Belice', '0000-00-00 00:00:00', '0000-00-00 00:00:00', 0, 0, 0),
(086, 'Territorio Británico del Océano Índico', '0000-00-00 00:00:00', '0000-00-00 00:00:00', 0, 0, 0),
(090, 'Islas Salomón', '0000-00-00 00:00:00', '0000-00-00 00:00:00', 0, 0, 0),
(092, 'Islas Vírgenes Británicas', '0000-00-00 00:00:00', '0000-00-00 00:00:00', 0, 0, 0),
(096, 'Brunéi', '0000-00-00 00:00:00', '0000-00-00 00:00:00', 0, 0, 0),
(100, 'Bulgaria', '0000-00-00 00:00:00', '0000-00-00 00:00:00', 0, 0, 0),
(104, 'Myanmar', '0000-00-00 00:00:00', '0000-00-00 00:00:00', 0, 0, 0),
(108, 'Burundi', '0000-00-00 00:00:00', '0000-00-00 00:00:00', 0, 0, 0),
(112, 'Bielorrusia', '0000-00-00 00:00:00', '0000-00-00 00:00:00', 0, 0, 0),
(116, 'Camboya', '0000-00-00 00:00:00', '0000-00-00 00:00:00', 0, 0, 0),
(120, 'Camerún', '0000-00-00 00:00:00', '0000-00-00 00:00:00', 0, 0, 0),
(124, 'Canadá', '0000-00-00 00:00:00', '0000-00-00 00:00:00', 0, 0, 0),
(132, 'Cabo Verde', '0000-00-00 00:00:00', '0000-00-00 00:00:00', 0, 0, 0),
(136, 'Islas Caimán', '0000-00-00 00:00:00', '0000-00-00 00:00:00', 0, 0, 0),
(140, 'República Centroafricana', '0000-00-00 00:00:00', '0000-00-00 00:00:00', 0, 0, 0),
(144, 'Sri Lanka', '0000-00-00 00:00:00', '0000-00-00 00:00:00', 0, 0, 0),
(148, 'Chad', '0000-00-00 00:00:00', '0000-00-00 00:00:00', 0, 0, 0),
(152, 'Chile', '0000-00-00 00:00:00', '0000-00-00 00:00:00', 0, 0, 0),
(156, 'China', '0000-00-00 00:00:00', '0000-00-00 00:00:00', 0, 0, 0),
(158, 'Taiwán', '0000-00-00 00:00:00', '0000-00-00 00:00:00', 0, 0, 0),
(162, 'Isla de Navidad', '0000-00-00 00:00:00', '0000-00-00 00:00:00', 0, 0, 0),
(166, 'Islas Cocos', '0000-00-00 00:00:00', '0000-00-00 00:00:00', 0, 0, 0),
(170, 'Colombia', '0000-00-00 00:00:00', '0000-00-00 00:00:00', 0, 0, 0),
(174, 'Comoras', '0000-00-00 00:00:00', '0000-00-00 00:00:00', 0, 0, 0),
(175, 'Mayotte', '0000-00-00 00:00:00', '0000-00-00 00:00:00', 0, 0, 0),
(178, 'Congo', '0000-00-00 00:00:00', '0000-00-00 00:00:00', 0, 0, 0),
(180, 'República Democrática del Congo', '0000-00-00 00:00:00', '0000-00-00 00:00:00', 0, 0, 0),
(184, 'Islas Cook', '0000-00-00 00:00:00', '0000-00-00 00:00:00', 0, 0, 0),
(188, 'Costa Rica', '0000-00-00 00:00:00', '0000-00-00 00:00:00', 0, 0, 0),
(191, 'Croacia', '0000-00-00 00:00:00', '0000-00-00 00:00:00', 0, 0, 0),
(192, 'Cuba', '0000-00-00 00:00:00', '0000-00-00 00:00:00', 0, 0, 0),
(196, 'Chipre', '0000-00-00 00:00:00', '0000-00-00 00:00:00', 0, 0, 0),
(203, 'República Checa', '0000-00-00 00:00:00', '0000-00-00 00:00:00', 0, 0, 0),
(204, 'Benín', '0000-00-00 00:00:00', '0000-00-00 00:00:00', 0, 0, 0),
(208, 'Dinamarca', '0000-00-00 00:00:00', '0000-00-00 00:00:00', 0, 0, 0),
(212, 'Dominica', '0000-00-00 00:00:00', '0000-00-00 00:00:00', 0, 0, 0),
(214, 'República Dominicana', '0000-00-00 00:00:00', '0000-00-00 00:00:00', 0, 0, 0),
(218, 'Ecuador', '0000-00-00 00:00:00', '0000-00-00 00:00:00', 0, 0, 0),
(222, 'El Salvador', '0000-00-00 00:00:00', '0000-00-00 00:00:00', 0, 0, 0),
(226, 'Guinea Ecuatorial', '0000-00-00 00:00:00', '0000-00-00 00:00:00', 0, 0, 0),
(231, 'Etiopía', '0000-00-00 00:00:00', '0000-00-00 00:00:00', 0, 0, 0),
(232, 'Eritrea', '0000-00-00 00:00:00', '0000-00-00 00:00:00', 0, 0, 0),
(233, 'Estonia', '0000-00-00 00:00:00', '0000-00-00 00:00:00', 0, 0, 0),
(234, 'Islas Feroe', '0000-00-00 00:00:00', '0000-00-00 00:00:00', 0, 0, 0),
(238, 'Islas Malvinas', '0000-00-00 00:00:00', '0000-00-00 00:00:00', 0, 0, 0),
(239, 'Islas Georgias del Sur y Sandwich del Sur', '0000-00-00 00:00:00', '0000-00-00 00:00:00', 0, 0, 0),
(242, 'Fiyi', '0000-00-00 00:00:00', '0000-00-00 00:00:00', 0, 0, 0),
(246, 'Finlandia', '0000-00-00 00:00:00', '0000-00-00 00:00:00', 0, 0, 0),
(248, 'Islas Gland', '0000-00-00 00:00:00', '0000-00-00 00:00:00', 0, 0, 0),
(250, 'Francia', '0000-00-00 00:00:00', '0000-00-00 00:00:00', 0, 0, 0),
(254, 'Guayana Francesa', '0000-00-00 00:00:00', '0000-00-00 00:00:00', 0, 0, 0),
(258, 'Polinesia Francesa', '0000-00-00 00:00:00', '0000-00-00 00:00:00', 0, 0, 0),
(260, 'Territorios Australes Franceses', '0000-00-00 00:00:00', '0000-00-00 00:00:00', 0, 0, 0),
(262, 'Yibuti', '0000-00-00 00:00:00', '0000-00-00 00:00:00', 0, 0, 0),
(266, 'Gabón', '0000-00-00 00:00:00', '0000-00-00 00:00:00', 0, 0, 0),
(268, 'Georgia', '0000-00-00 00:00:00', '0000-00-00 00:00:00', 0, 0, 0),
(270, 'Gambia', '0000-00-00 00:00:00', '0000-00-00 00:00:00', 0, 0, 0),
(275, 'Palestina', '0000-00-00 00:00:00', '0000-00-00 00:00:00', 0, 0, 0),
(276, 'Alemania', '0000-00-00 00:00:00', '0000-00-00 00:00:00', 0, 0, 0),
(288, 'Ghana', '0000-00-00 00:00:00', '0000-00-00 00:00:00', 0, 0, 0),
(292, 'Gibraltar', '0000-00-00 00:00:00', '0000-00-00 00:00:00', 0, 0, 0),
(296, 'Kiribati', '0000-00-00 00:00:00', '0000-00-00 00:00:00', 0, 0, 0),
(300, 'Grecia', '0000-00-00 00:00:00', '0000-00-00 00:00:00', 0, 0, 0),
(304, 'Groenlandia', '0000-00-00 00:00:00', '0000-00-00 00:00:00', 0, 0, 0),
(308, 'Granada', '0000-00-00 00:00:00', '0000-00-00 00:00:00', 0, 0, 0),
(312, 'Guadalupe', '0000-00-00 00:00:00', '0000-00-00 00:00:00', 0, 0, 0),
(316, 'Guam', '0000-00-00 00:00:00', '0000-00-00 00:00:00', 0, 0, 0),
(320, 'Guatemala', '0000-00-00 00:00:00', '0000-00-00 00:00:00', 0, 0, 0),
(324, 'Guinea', '0000-00-00 00:00:00', '0000-00-00 00:00:00', 0, 0, 0),
(328, 'Guyana', '0000-00-00 00:00:00', '0000-00-00 00:00:00', 0, 0, 0),
(332, 'Haití', '0000-00-00 00:00:00', '0000-00-00 00:00:00', 0, 0, 0),
(334, 'Islas Heard y McDonald', '0000-00-00 00:00:00', '0000-00-00 00:00:00', 0, 0, 0),
(336, 'Ciudad del Vaticano', '0000-00-00 00:00:00', '0000-00-00 00:00:00', 0, 0, 0),
(340, 'Honduras', '0000-00-00 00:00:00', '0000-00-00 00:00:00', 0, 0, 0),
(344, 'Hong Kong', '0000-00-00 00:00:00', '0000-00-00 00:00:00', 0, 0, 0),
(348, 'Hungría', '0000-00-00 00:00:00', '0000-00-00 00:00:00', 0, 0, 0),
(352, 'Islandia', '0000-00-00 00:00:00', '0000-00-00 00:00:00', 0, 0, 0),
(356, 'India', '0000-00-00 00:00:00', '0000-00-00 00:00:00', 0, 0, 0),
(360, 'Indonesia', '0000-00-00 00:00:00', '0000-00-00 00:00:00', 0, 0, 0),
(364, 'Irán', '0000-00-00 00:00:00', '0000-00-00 00:00:00', 0, 0, 0),
(368, 'Iraq', '0000-00-00 00:00:00', '0000-00-00 00:00:00', 0, 0, 0),
(372, 'Irlanda', '0000-00-00 00:00:00', '0000-00-00 00:00:00', 0, 0, 0),
(376, 'Israel', '0000-00-00 00:00:00', '0000-00-00 00:00:00', 0, 0, 0),
(380, 'Italia', '0000-00-00 00:00:00', '0000-00-00 00:00:00', 0, 0, 0),
(384, 'Costa de Marfil', '0000-00-00 00:00:00', '0000-00-00 00:00:00', 0, 0, 0),
(388, 'Jamaica', '0000-00-00 00:00:00', '0000-00-00 00:00:00', 0, 0, 0),
(392, 'Japón', '0000-00-00 00:00:00', '0000-00-00 00:00:00', 0, 0, 0),
(398, 'Kazajstán', '0000-00-00 00:00:00', '0000-00-00 00:00:00', 0, 0, 0),
(400, 'Jordania', '0000-00-00 00:00:00', '0000-00-00 00:00:00', 0, 0, 0),
(404, 'Kenia', '0000-00-00 00:00:00', '0000-00-00 00:00:00', 0, 0, 0),
(408, 'Corea del Norte', '0000-00-00 00:00:00', '0000-00-00 00:00:00', 0, 0, 0),
(410, 'Corea del Sur', '0000-00-00 00:00:00', '0000-00-00 00:00:00', 0, 0, 0),
(414, 'Kuwait', '0000-00-00 00:00:00', '0000-00-00 00:00:00', 0, 0, 0),
(417, 'Kirguistán', '0000-00-00 00:00:00', '0000-00-00 00:00:00', 0, 0, 0),
(418, 'Laos', '0000-00-00 00:00:00', '0000-00-00 00:00:00', 0, 0, 0),
(422, 'Líbano', '0000-00-00 00:00:00', '0000-00-00 00:00:00', 0, 0, 0),
(426, 'Lesotho', '0000-00-00 00:00:00', '0000-00-00 00:00:00', 0, 0, 0),
(428, 'Letonia', '0000-00-00 00:00:00', '0000-00-00 00:00:00', 0, 0, 0),
(430, 'Liberia', '0000-00-00 00:00:00', '0000-00-00 00:00:00', 0, 0, 0),
(434, 'Libia', '0000-00-00 00:00:00', '0000-00-00 00:00:00', 0, 0, 0),
(438, 'Liechtenstein', '0000-00-00 00:00:00', '0000-00-00 00:00:00', 0, 0, 0),
(440, 'Lituania', '0000-00-00 00:00:00', '0000-00-00 00:00:00', 0, 0, 0),
(442, 'Luxemburgo', '0000-00-00 00:00:00', '0000-00-00 00:00:00', 0, 0, 0),
(446, 'Macao', '0000-00-00 00:00:00', '0000-00-00 00:00:00', 0, 0, 0),
(450, 'Madagascar', '0000-00-00 00:00:00', '0000-00-00 00:00:00', 0, 0, 0),
(454, 'Malaui', '0000-00-00 00:00:00', '0000-00-00 00:00:00', 0, 0, 0),
(458, 'Malasia', '0000-00-00 00:00:00', '0000-00-00 00:00:00', 0, 0, 0),
(462, 'Maldivas', '0000-00-00 00:00:00', '0000-00-00 00:00:00', 0, 0, 0),
(466, 'Malí', '0000-00-00 00:00:00', '0000-00-00 00:00:00', 0, 0, 0),
(470, 'Malta', '0000-00-00 00:00:00', '0000-00-00 00:00:00', 0, 0, 0),
(474, 'Martinica', '0000-00-00 00:00:00', '0000-00-00 00:00:00', 0, 0, 0),
(478, 'Mauritania', '0000-00-00 00:00:00', '0000-00-00 00:00:00', 0, 0, 0),
(480, 'Mauricio', '0000-00-00 00:00:00', '0000-00-00 00:00:00', 0, 0, 0),
(484, 'México', '0000-00-00 00:00:00', '0000-00-00 00:00:00', 0, 0, 0),
(492, 'Mónaco', '0000-00-00 00:00:00', '0000-00-00 00:00:00', 0, 0, 0),
(496, 'Mongolia', '0000-00-00 00:00:00', '0000-00-00 00:00:00', 0, 0, 0),
(498, 'Moldavia', '0000-00-00 00:00:00', '0000-00-00 00:00:00', 0, 0, 0),
(499, 'Montenegro', '0000-00-00 00:00:00', '0000-00-00 00:00:00', 0, 0, 0),
(500, 'Montserrat', '0000-00-00 00:00:00', '0000-00-00 00:00:00', 0, 0, 0),
(504, 'Marruecos', '0000-00-00 00:00:00', '0000-00-00 00:00:00', 0, 0, 0),
(508, 'Mozambique', '0000-00-00 00:00:00', '0000-00-00 00:00:00', 0, 0, 0),
(512, 'Omán', '0000-00-00 00:00:00', '0000-00-00 00:00:00', 0, 0, 0),
(516, 'Namibia', '0000-00-00 00:00:00', '0000-00-00 00:00:00', 0, 0, 0),
(520, 'Nauru', '0000-00-00 00:00:00', '0000-00-00 00:00:00', 0, 0, 0),
(524, 'Nepal', '0000-00-00 00:00:00', '0000-00-00 00:00:00', 0, 0, 0),
(528, 'Países Bajos', '0000-00-00 00:00:00', '0000-00-00 00:00:00', 0, 0, 0),
(530, 'Antillas Holandesas', '0000-00-00 00:00:00', '0000-00-00 00:00:00', 0, 0, 0),
(533, 'Aruba', '0000-00-00 00:00:00', '0000-00-00 00:00:00', 0, 0, 0),
(540, 'Nueva Caledonia', '0000-00-00 00:00:00', '0000-00-00 00:00:00', 0, 0, 0),
(548, 'Vanuatu', '0000-00-00 00:00:00', '0000-00-00 00:00:00', 0, 0, 0),
(554, 'Nueva Zelanda', '0000-00-00 00:00:00', '0000-00-00 00:00:00', 0, 0, 0),
(558, 'Nicaragua', '0000-00-00 00:00:00', '0000-00-00 00:00:00', 0, 0, 0),
(562, 'Níger', '0000-00-00 00:00:00', '0000-00-00 00:00:00', 0, 0, 0),
(566, 'Nigeria', '0000-00-00 00:00:00', '0000-00-00 00:00:00', 0, 0, 0),
(570, 'Niue', '0000-00-00 00:00:00', '0000-00-00 00:00:00', 0, 0, 0),
(574, 'Isla Norfolk', '0000-00-00 00:00:00', '0000-00-00 00:00:00', 0, 0, 0),
(578, 'Noruega', '0000-00-00 00:00:00', '0000-00-00 00:00:00', 0, 0, 0),
(580, 'Islas Marianas del Norte', '0000-00-00 00:00:00', '0000-00-00 00:00:00', 0, 0, 0),
(581, 'Islas Ultramarinas de Estados Unidos', '0000-00-00 00:00:00', '0000-00-00 00:00:00', 0, 0, 0),
(583, 'Micronesia', '0000-00-00 00:00:00', '0000-00-00 00:00:00', 0, 0, 0),
(584, 'Islas Marshall', '0000-00-00 00:00:00', '0000-00-00 00:00:00', 0, 0, 0),
(585, 'Palaos', '0000-00-00 00:00:00', '0000-00-00 00:00:00', 0, 0, 0),
(586, 'Pakistán', '0000-00-00 00:00:00', '0000-00-00 00:00:00', 0, 0, 0),
(591, 'Panamá', '0000-00-00 00:00:00', '0000-00-00 00:00:00', 0, 0, 0),
(598, 'Papúa Nueva Guinea', '0000-00-00 00:00:00', '0000-00-00 00:00:00', 0, 0, 0),
(600, 'Paraguay', '0000-00-00 00:00:00', '0000-00-00 00:00:00', 0, 0, 0),
(604, 'Perú', '0000-00-00 00:00:00', '0000-00-00 00:00:00', 0, 0, 0),
(608, 'Filipinas', '0000-00-00 00:00:00', '0000-00-00 00:00:00', 0, 0, 0),
(612, 'Islas Pitcairn', '0000-00-00 00:00:00', '0000-00-00 00:00:00', 0, 0, 0),
(616, 'Polonia', '0000-00-00 00:00:00', '0000-00-00 00:00:00', 0, 0, 0),
(620, 'Portugal', '0000-00-00 00:00:00', '0000-00-00 00:00:00', 0, 0, 0),
(624, 'Guinea-Bissau', '0000-00-00 00:00:00', '0000-00-00 00:00:00', 0, 0, 0),
(626, 'Timor Oriental', '0000-00-00 00:00:00', '0000-00-00 00:00:00', 0, 0, 0),
(630, 'Puerto Rico', '0000-00-00 00:00:00', '0000-00-00 00:00:00', 0, 0, 0),
(634, 'Qatar', '0000-00-00 00:00:00', '0000-00-00 00:00:00', 0, 0, 0),
(638, 'Reunión', '0000-00-00 00:00:00', '0000-00-00 00:00:00', 0, 0, 0),
(642, 'Rumania', '0000-00-00 00:00:00', '0000-00-00 00:00:00', 0, 0, 0),
(643, 'Rusia', '0000-00-00 00:00:00', '0000-00-00 00:00:00', 0, 0, 0),
(646, 'Ruanda', '0000-00-00 00:00:00', '0000-00-00 00:00:00', 0, 0, 0),
(654, 'Santa Helena', '0000-00-00 00:00:00', '0000-00-00 00:00:00', 0, 0, 0),
(659, 'San Cristóbal y Nieves', '0000-00-00 00:00:00', '0000-00-00 00:00:00', 0, 0, 0),
(660, 'Anguila', '0000-00-00 00:00:00', '0000-00-00 00:00:00', 0, 0, 0),
(662, 'Santa Lucía', '0000-00-00 00:00:00', '0000-00-00 00:00:00', 0, 0, 0),
(666, 'San Pedro y Miquelón', '0000-00-00 00:00:00', '0000-00-00 00:00:00', 0, 0, 0),
(670, 'San Vicente y las Granadinas', '0000-00-00 00:00:00', '0000-00-00 00:00:00', 0, 0, 0),
(674, 'San Marino', '0000-00-00 00:00:00', '0000-00-00 00:00:00', 0, 0, 0),
(678, 'Santo Tomé y Príncipe', '0000-00-00 00:00:00', '0000-00-00 00:00:00', 0, 0, 0),
(682, 'Arabia Saudí', '0000-00-00 00:00:00', '0000-00-00 00:00:00', 0, 0, 0),
(686, 'Senegal', '0000-00-00 00:00:00', '0000-00-00 00:00:00', 0, 0, 0),
(688, 'Serbia', '0000-00-00 00:00:00', '0000-00-00 00:00:00', 0, 0, 0),
(690, 'Seychelles', '0000-00-00 00:00:00', '0000-00-00 00:00:00', 0, 0, 0),
(694, 'Sierra Leona', '0000-00-00 00:00:00', '0000-00-00 00:00:00', 0, 0, 0),
(702, 'Singapur', '0000-00-00 00:00:00', '0000-00-00 00:00:00', 0, 0, 0),
(703, 'Eslovaquia', '0000-00-00 00:00:00', '0000-00-00 00:00:00', 0, 0, 0),
(704, 'Vietnam', '0000-00-00 00:00:00', '0000-00-00 00:00:00', 0, 0, 0),
(705, 'Eslovenia', '0000-00-00 00:00:00', '0000-00-00 00:00:00', 0, 0, 0),
(706, 'Somalia', '0000-00-00 00:00:00', '0000-00-00 00:00:00', 0, 0, 0),
(710, 'Sudáfrica', '0000-00-00 00:00:00', '0000-00-00 00:00:00', 0, 0, 0),
(716, 'Zimbabue', '0000-00-00 00:00:00', '0000-00-00 00:00:00', 0, 0, 0),
(724, 'España', '0000-00-00 00:00:00', '0000-00-00 00:00:00', 0, 0, 0),
(732, 'Sahara Occidental', '0000-00-00 00:00:00', '0000-00-00 00:00:00', 0, 0, 0),
(736, 'Sudán', '0000-00-00 00:00:00', '0000-00-00 00:00:00', 0, 0, 0),
(740, 'Surinam', '0000-00-00 00:00:00', '0000-00-00 00:00:00', 0, 0, 0),
(744, 'Svalbard y Jan Mayen', '0000-00-00 00:00:00', '0000-00-00 00:00:00', 0, 0, 0),
(748, 'Suazilandia', '0000-00-00 00:00:00', '0000-00-00 00:00:00', 0, 0, 0),
(752, 'Suecia', '0000-00-00 00:00:00', '0000-00-00 00:00:00', 0, 0, 0),
(756, 'Suiza', '0000-00-00 00:00:00', '0000-00-00 00:00:00', 0, 0, 0),
(760, 'Siria', '0000-00-00 00:00:00', '0000-00-00 00:00:00', 0, 0, 0),
(762, 'Tayikistán', '0000-00-00 00:00:00', '0000-00-00 00:00:00', 0, 0, 0),
(764, 'Tailandia', '0000-00-00 00:00:00', '0000-00-00 00:00:00', 0, 0, 0),
(768, 'Togo', '0000-00-00 00:00:00', '0000-00-00 00:00:00', 0, 0, 0),
(772, 'Tokelau', '0000-00-00 00:00:00', '0000-00-00 00:00:00', 0, 0, 0),
(776, 'Tonga', '0000-00-00 00:00:00', '0000-00-00 00:00:00', 0, 0, 0),
(780, 'Trinidad y Tobago', '0000-00-00 00:00:00', '0000-00-00 00:00:00', 0, 0, 0),
(784, 'Emiratos Árabes Unidos', '0000-00-00 00:00:00', '0000-00-00 00:00:00', 0, 0, 0),
(788, 'Túnez', '0000-00-00 00:00:00', '0000-00-00 00:00:00', 0, 0, 0),
(792, 'Turquía', '0000-00-00 00:00:00', '0000-00-00 00:00:00', 0, 0, 0),
(795, 'Turkmenistán', '0000-00-00 00:00:00', '0000-00-00 00:00:00', 0, 0, 0),
(796, 'Islas Turcas y Caicos', '0000-00-00 00:00:00', '0000-00-00 00:00:00', 0, 0, 0),
(798, 'Tuvalu', '0000-00-00 00:00:00', '0000-00-00 00:00:00', 0, 0, 0),
(800, 'Uganda', '0000-00-00 00:00:00', '0000-00-00 00:00:00', 0, 0, 0),
(804, 'Ucrania', '0000-00-00 00:00:00', '0000-00-00 00:00:00', 0, 0, 0),
(807, 'Macedonia', '0000-00-00 00:00:00', '0000-00-00 00:00:00', 0, 0, 0),
(818, 'Egipto', '0000-00-00 00:00:00', '0000-00-00 00:00:00', 0, 0, 0),
(826, 'Reino Unido', '0000-00-00 00:00:00', '0000-00-00 00:00:00', 0, 0, 0),
(834, 'Tanzania', '0000-00-00 00:00:00', '0000-00-00 00:00:00', 0, 0, 0),
(840, 'Estados Unidos', '0000-00-00 00:00:00', '0000-00-00 00:00:00', 0, 0, 0),
(850, 'Islas Vírgenes de los Estados Unidos', '0000-00-00 00:00:00', '0000-00-00 00:00:00', 0, 0, 0),
(854, 'Burkina Faso', '0000-00-00 00:00:00', '0000-00-00 00:00:00', 0, 0, 0),
(858, 'Uruguay', '0000-00-00 00:00:00', '0000-00-00 00:00:00', 0, 0, 0),
(860, 'Uzbekistán', '0000-00-00 00:00:00', '0000-00-00 00:00:00', 0, 0, 0),
(862, 'Venezuela', '0000-00-00 00:00:00', '0000-00-00 00:00:00', 0, 0, 0),
(876, 'Wallis y Futuna', '0000-00-00 00:00:00', '0000-00-00 00:00:00', 0, 0, 0),
(882, 'Samoa', '0000-00-00 00:00:00', '0000-00-00 00:00:00', 0, 0, 0),
(887, 'Yemen', '0000-00-00 00:00:00', '0000-00-00 00:00:00', 0, 0, 0),
(894, 'Zambia', '0000-00-00 00:00:00', '0000-00-00 00:00:00', 0, 0, 0);

-- --------------------------------------------------------

--
-- Estructura de tabla para la tabla `pedidos`
--

CREATE TABLE IF NOT EXISTS `pedidos` (
  `id_pedido` int(11) NOT NULL,
  `id_visita` int(11) NOT NULL,
  `id_presupuesto` int(11) NOT NULL,
  `id_cliente` int(11) NOT NULL,
  `id_vendedor` int(11) NOT NULL,
  `id_estado_pedido` int(11) NOT NULL,
  `total` float NOT NULL,
  `fecha` date NOT NULL,
  `id_origen` int(11) NOT NULL,
  `aprobado_back` tinyint(1) NOT NULL,
  `aprobado_front` tinyint(1) NOT NULL,
  `visto_back` tinyint(1) NOT NULL,
  `visto_front` tinyint(1) NOT NULL,
  `iteracion` int(11) NOT NULL,
  `date_add` datetime NOT NULL,
  `date_upd` datetime NOT NULL,
  `eliminado` tinyint(1) NOT NULL,
  `user_add` int(11) NOT NULL,
  `user_upd` int(11) NOT NULL
) ENGINE=InnoDB AUTO_INCREMENT=5 DEFAULT CHARSET=latin1;

--
-- Volcado de datos para la tabla `pedidos`
--

INSERT INTO `pedidos` (`id_pedido`, `id_visita`, `id_presupuesto`, `id_cliente`, `id_vendedor`, `id_estado_pedido`, `total`, `fecha`, `id_origen`, `aprobado_back`, `aprobado_front`, `visto_back`, `visto_front`, `iteracion`, `date_add`, `date_upd`, `eliminado`, `user_add`, `user_upd`) VALUES
(1, 1, 1, 1, 1, 4, 1050, '2015-08-12', 2, 0, 0, 0, 0, 4, '2015-08-12 17:51:39', '2015-08-19 13:39:46', 0, 1, 0),
(2, 4, 2, 1, 1, 4, 1964.3, '2015-08-12', 2, 0, 0, 0, 0, 3, '2015-08-12 18:20:56', '2015-08-19 13:57:30', 0, 1, 1),
(3, 5, 4, 2, 1, 1, 1965.3, '2015-08-18', 2, 0, 1, 0, 0, 0, '2015-08-18 15:02:34', '2015-08-18 15:02:34', 0, 1, 1),
(4, 6, 5, 2, 1, 1, 273.05, '2015-08-18', 2, 0, 1, 0, 0, 0, '2015-08-18 16:52:59', '2015-08-18 16:52:59', 0, 1, 1);

-- --------------------------------------------------------

--
-- Estructura de tabla para la tabla `presupuestos`
--

CREATE TABLE IF NOT EXISTS `presupuestos` (
  `id_presupuesto` int(11) NOT NULL,
  `id_visita` int(11) NOT NULL,
  `id_cliente` int(11) NOT NULL,
  `id_vendedor` int(11) NOT NULL,
  `id_estado_presupuesto` int(11) NOT NULL,
  `total` float NOT NULL,
  `fecha` date NOT NULL,
  `id_origen` int(11) NOT NULL,
  `visto` tinyint(4) NOT NULL,
  `date_add` datetime NOT NULL,
  `date_upd` datetime NOT NULL,
  `eliminado` tinyint(4) NOT NULL,
  `user_add` int(11) NOT NULL,
  `user_upd` int(11) NOT NULL
) ENGINE=InnoDB AUTO_INCREMENT=7 DEFAULT CHARSET=latin1;

--
-- Volcado de datos para la tabla `presupuestos`
--

INSERT INTO `presupuestos` (`id_presupuesto`, `id_visita`, `id_cliente`, `id_vendedor`, `id_estado_presupuesto`, `total`, `fecha`, `id_origen`, `visto`, `date_add`, `date_upd`, `eliminado`, `user_add`, `user_upd`) VALUES
(1, 1, 1, 1, 2, 1297.5, '2015-08-12', 2, 1, '2015-08-12 17:51:24', '2015-08-13 21:17:27', 0, 1, 1),
(2, 4, 1, 1, 2, 2556.5, '2015-08-12', 2, 1, '2015-08-12 18:20:22', '2015-08-12 21:22:08', 0, 1, 1),
(3, 3, 1, 1, 3, 637.5, '2015-08-12', 2, 1, '2015-08-12 20:34:41', '2015-08-12 21:22:08', 0, 1, 1),
(4, 5, 2, 1, 2, 1965.3, '2015-08-13', 2, 0, '2015-08-13 21:56:16', '2015-08-18 15:02:34', 0, 1, 1),
(5, 6, 2, 1, 2, 273.05, '2015-08-18', 2, 0, '2015-08-18 16:41:00', '2015-08-18 16:52:59', 0, 1, 1),
(6, 7, 1, 1, 1, 787.5, '2015-08-18', 2, 0, '2015-08-18 18:13:03', '2015-08-18 18:27:25', 0, 1, 1);

-- --------------------------------------------------------

--
-- Estructura de tabla para la tabla `productos`
--

CREATE TABLE IF NOT EXISTS `productos` (
  `id_producto` int(11) NOT NULL,
  `id_sin` int(11) NOT NULL,
  `codigo` varchar(64) NOT NULL,
  `codigo_lote` varchar(64) NOT NULL,
  `nombre` varchar(128) NOT NULL,
  `precio` float NOT NULL,
  `precio_iva` float NOT NULL,
  `precio_min` float NOT NULL,
  `precio_min_iva` float NOT NULL,
  `id_iva` int(11) NOT NULL,
  `ficha_tecnica` varchar(255) NOT NULL,
  `descripcion` text NOT NULL,
  `id_origen` int(11) NOT NULL,
  `id_db` int(11) NOT NULL,
  `visto` tinyint(4) NOT NULL,
  `date_add` datetime NOT NULL,
  `date_upd` datetime NOT NULL,
  `eliminado` tinyint(1) NOT NULL,
  `user_add` int(11) NOT NULL,
  `user_upd` int(11) NOT NULL
) ENGINE=InnoDB AUTO_INCREMENT=9 DEFAULT CHARSET=latin1;

--
-- Volcado de datos para la tabla `productos`
--

INSERT INTO `productos` (`id_producto`, `id_sin`, `codigo`, `codigo_lote`, `nombre`, `precio`, `precio_iva`, `precio_min`, `precio_min_iva`, `id_iva`, `ficha_tecnica`, `descripcion`, `id_origen`, `id_db`, `visto`, `date_add`, `date_upd`, `eliminado`, `user_add`, `user_upd`) VALUES
(1, 0, '262266', '', 'Producto 1', 5.25, 0, 0, 0, 0, '0305.pdf', '<p>Producto Nuevo</p>\r\n', 1, 0, 0, '2015-08-05 21:32:16', '2015-08-13 21:20:18', 0, 0, 1),
(2, 0, '', '', 'Producto 2', 4.25, 0, 0, 0, 0, '0503.pdf', '<p>Lujan City</p>\r\n', 2, 0, 1, '2015-08-05 21:32:27', '2015-08-13 21:20:05', 0, 0, 1),
(3, 0, '1234567789', '', 'Producto 3', 4.89, 0, 0, 0, 0, '', '', 1, 0, 1, '2015-08-05 21:32:36', '2015-08-13 22:05:01', 0, 0, 1),
(4, 0, '', '', 'Producto 4', 3.6, 0, 0, 0, 0, '', '', 2, 0, 1, '2015-08-05 21:32:49', '2015-08-11 18:20:57', 0, 0, 0),
(5, 0, '123456', '', 'Producto 5', 4.55, 0, 0, 0, 0, '0986b-fondo.txt', '', 2, 0, 1, '2015-08-06 18:29:30', '2015-08-11 18:20:57', 0, 0, 0),
(6, 0, '', '', 'Corchos', 5.35, 0, 0, 0, 0, '3177f-home-banking.pdf', '<p>Pack 12 unidades</p>\r\n', 2, 0, 1, '2015-08-07 14:38:39', '2015-08-13 21:57:17', 0, 0, 1),
(7, 0, '', '', 'Botella', 12.45, 0, 0, 0, 0, '0411.pdf', '', 2, 0, 1, '2015-08-12 14:08:38', '2015-08-12 17:28:58', 0, 1, 1),
(8, 0, '', '', 'Etiquetas', 2.59, 0, 0, 0, 0, '', '', 2, 0, 1, '2015-08-13 21:11:35', '2015-08-13 21:15:05', 0, 1, 1);

-- --------------------------------------------------------

--
-- Estructura de tabla para la tabla `productos_imagenes`
--

CREATE TABLE IF NOT EXISTS `productos_imagenes` (
  `id_imagen` int(11) NOT NULL,
  `id_producto` int(11) NOT NULL,
  `nombre` varchar(250) NOT NULL,
  `url` varchar(250) DEFAULT NULL,
  `orden` int(11) DEFAULT NULL,
  `date_add` datetime NOT NULL,
  `date_upd` datetime NOT NULL,
  `eliminado` tinyint(4) NOT NULL,
  `user_add` int(11) NOT NULL,
  `user_upd` int(11) NOT NULL
) ENGINE=MyISAM AUTO_INCREMENT=12 DEFAULT CHARSET=utf8;

--
-- Volcado de datos para la tabla `productos_imagenes`
--

INSERT INTO `productos_imagenes` (`id_imagen`, `id_producto`, `nombre`, `url`, `orden`, `date_add`, `date_upd`, `eliminado`, `user_add`, `user_upd`) VALUES
(2, 1, 'Flor', '35184-Chrysanthemum.jpg', 2, '0000-00-00 00:00:00', '0000-00-00 00:00:00', 0, 0, 0),
(3, 1, '', 'be108-Hydrangeas.jpg', 6, '0000-00-00 00:00:00', '0000-00-00 00:00:00', 0, 0, 0),
(4, 1, '', '1f222-Desert.jpg', 7, '0000-00-00 00:00:00', '0000-00-00 00:00:00', 0, 0, 0),
(5, 1, '', '78fb5-Jellyfish.jpg', 8, '0000-00-00 00:00:00', '0000-00-00 00:00:00', 0, 0, 0),
(6, 1, '', '9a6e5-Koala.jpg', 1, '0000-00-00 00:00:00', '0000-00-00 00:00:00', 0, 0, 0),
(7, 1, '', 'd6013-Lighthouse.jpg', 3, '0000-00-00 00:00:00', '0000-00-00 00:00:00', 0, 0, 0),
(8, 1, '', '113ae-Penguins.jpg', 4, '0000-00-00 00:00:00', '0000-00-00 00:00:00', 0, 0, 0),
(9, 1, '', '2e48d-Tulips.jpg', 5, '0000-00-00 00:00:00', '0000-00-00 00:00:00', 0, 0, 0),
(10, 2, 'Botella', '41a8a-botella.jpg', NULL, '0000-00-00 00:00:00', '0000-00-00 00:00:00', 0, 0, 0),
(11, 4, '', 'be40c-botella.jpg', NULL, '0000-00-00 00:00:00', '0000-00-00 00:00:00', 0, 0, 0);

-- --------------------------------------------------------

--
-- Estructura de tabla para la tabla `provincias`
--

CREATE TABLE IF NOT EXISTS `provincias` (
  `id_provincia` int(4) NOT NULL,
  `nombre_provincia` varchar(64) NOT NULL,
  `id_pais` int(11) NOT NULL,
  `date_add` datetime NOT NULL,
  `date_upd` datetime NOT NULL,
  `eliminado` tinyint(4) NOT NULL,
  `user_add` int(11) NOT NULL,
  `user_upd` int(11) NOT NULL
) ENGINE=InnoDB AUTO_INCREMENT=24 DEFAULT CHARSET=utf8;

--
-- Volcado de datos para la tabla `provincias`
--

INSERT INTO `provincias` (`id_provincia`, `nombre_provincia`, `id_pais`, `date_add`, `date_upd`, `eliminado`, `user_add`, `user_upd`) VALUES
(1, 'Buenos Aires y Cap.', 32, '0000-00-00 00:00:00', '0000-00-00 00:00:00', 0, 0, 0),
(2, 'Catamarca', 32, '0000-00-00 00:00:00', '0000-00-00 00:00:00', 0, 0, 0),
(3, 'Chaco', 32, '0000-00-00 00:00:00', '0000-00-00 00:00:00', 0, 0, 0),
(4, 'Chubut', 32, '0000-00-00 00:00:00', '0000-00-00 00:00:00', 0, 0, 0),
(5, 'Cordoba', 32, '0000-00-00 00:00:00', '0000-00-00 00:00:00', 0, 0, 0),
(6, 'Corrientes', 32, '0000-00-00 00:00:00', '0000-00-00 00:00:00', 0, 0, 0),
(7, 'Entre Rios', 32, '0000-00-00 00:00:00', '0000-00-00 00:00:00', 0, 0, 0),
(8, 'Formosa', 32, '0000-00-00 00:00:00', '0000-00-00 00:00:00', 0, 0, 0),
(9, 'Jujuy', 32, '0000-00-00 00:00:00', '0000-00-00 00:00:00', 0, 0, 0),
(10, 'La Pampa', 32, '0000-00-00 00:00:00', '0000-00-00 00:00:00', 0, 0, 0),
(11, 'La Rioja', 32, '0000-00-00 00:00:00', '0000-00-00 00:00:00', 0, 0, 0),
(12, 'Mendoza', 32, '0000-00-00 00:00:00', '0000-00-00 00:00:00', 0, 0, 0),
(13, 'Misiones', 32, '0000-00-00 00:00:00', '0000-00-00 00:00:00', 0, 0, 0),
(14, 'Neuquen', 32, '0000-00-00 00:00:00', '0000-00-00 00:00:00', 0, 0, 0),
(15, 'Rio Negro', 32, '0000-00-00 00:00:00', '0000-00-00 00:00:00', 0, 0, 0),
(16, 'Salta', 32, '0000-00-00 00:00:00', '0000-00-00 00:00:00', 0, 0, 0),
(17, 'San Juan', 32, '0000-00-00 00:00:00', '0000-00-00 00:00:00', 0, 0, 0),
(18, 'San Luis', 32, '0000-00-00 00:00:00', '0000-00-00 00:00:00', 0, 0, 0),
(19, 'Santa Cruz', 32, '0000-00-00 00:00:00', '0000-00-00 00:00:00', 0, 0, 0),
(20, 'Santa Fe', 32, '0000-00-00 00:00:00', '0000-00-00 00:00:00', 0, 0, 0),
(21, 'Santiago Del Estero', 32, '0000-00-00 00:00:00', '0000-00-00 00:00:00', 0, 0, 0),
(22, 'Tierra Del Fuego', 32, '0000-00-00 00:00:00', '0000-00-00 00:00:00', 0, 0, 0),
(23, 'Tucuman', 32, '0000-00-00 00:00:00', '0000-00-00 00:00:00', 0, 0, 0);

-- --------------------------------------------------------

--
-- Estructura de tabla para la tabla `reglas`
--

CREATE TABLE IF NOT EXISTS `reglas` (
  `id_regla` int(11) NOT NULL,
  `nombre` varchar(64) NOT NULL,
  `id_grupo_cliente` int(11) NOT NULL,
  `valor` float NOT NULL,
  `aumento_descuento` tinyint(1) NOT NULL,
  `date_add` datetime NOT NULL,
  `date_upd` datetime NOT NULL,
  `eliminado` tinyint(4) NOT NULL,
  `user_add` int(11) NOT NULL,
  `user_upd` int(11) NOT NULL
) ENGINE=InnoDB AUTO_INCREMENT=3 DEFAULT CHARSET=latin1;

--
-- Volcado de datos para la tabla `reglas`
--

INSERT INTO `reglas` (`id_regla`, `nombre`, `id_grupo_cliente`, `valor`, `aumento_descuento`, `date_add`, `date_upd`, `eliminado`, `user_add`, `user_upd`) VALUES
(1, 'Sin Regla', 1, 0, 1, '2015-07-01 00:00:00', '2015-07-01 00:00:00', 0, 1, 1),
(2, 'Descuento', 2, 5, 1, '2015-08-12 22:23:51', '2015-08-12 22:23:51', 0, 1, 1);

-- --------------------------------------------------------

--
-- Estructura de tabla para la tabla `sin_clientes_direcciones`
--

CREATE TABLE IF NOT EXISTS `sin_clientes_direcciones` (
  `id_sin_cliente_direccion` int(11) NOT NULL,
  `id_cliente` int(11) NOT NULL,
  `id_direccion` int(11) NOT NULL,
  `date_add` datetime NOT NULL,
  `date_upd` datetime NOT NULL,
  `eliminado` tinyint(1) NOT NULL,
  `user_add` int(11) NOT NULL,
  `user_upd` int(11) NOT NULL
) ENGINE=InnoDB AUTO_INCREMENT=2 DEFAULT CHARSET=latin1;

--
-- Volcado de datos para la tabla `sin_clientes_direcciones`
--

INSERT INTO `sin_clientes_direcciones` (`id_sin_cliente_direccion`, `id_cliente`, `id_direccion`, `date_add`, `date_upd`, `eliminado`, `user_add`, `user_upd`) VALUES
(1, 1, 1, '2015-08-12 17:48:28', '2015-08-12 17:48:28', 0, 1, 1);

-- --------------------------------------------------------

--
-- Estructura de tabla para la tabla `sin_clientes_mails`
--

CREATE TABLE IF NOT EXISTS `sin_clientes_mails` (
  `id_sin_cliente_mail` int(11) NOT NULL,
  `id_cliente` int(11) NOT NULL,
  `id_mail` int(11) NOT NULL,
  `date_add` datetime NOT NULL,
  `date_upd` datetime NOT NULL,
  `eliminado` tinyint(1) NOT NULL,
  `user_add` int(11) NOT NULL,
  `user_upd` int(11) NOT NULL
) ENGINE=InnoDB AUTO_INCREMENT=2 DEFAULT CHARSET=latin1;

--
-- Volcado de datos para la tabla `sin_clientes_mails`
--

INSERT INTO `sin_clientes_mails` (`id_sin_cliente_mail`, `id_cliente`, `id_mail`, `date_add`, `date_upd`, `eliminado`, `user_add`, `user_upd`) VALUES
(1, 1, 1, '2015-08-12 17:48:44', '2015-08-12 17:48:44', 0, 1, 1);

-- --------------------------------------------------------

--
-- Estructura de tabla para la tabla `sin_clientes_telefonos`
--

CREATE TABLE IF NOT EXISTS `sin_clientes_telefonos` (
  `id_sin_cliente_telefono` int(11) NOT NULL,
  `id_cliente` int(11) NOT NULL,
  `id_telefono` int(11) NOT NULL,
  `date_add` datetime NOT NULL,
  `date_upd` datetime NOT NULL,
  `eliminado` tinyint(1) NOT NULL,
  `user_add` int(11) NOT NULL,
  `user_upd` int(11) NOT NULL
) ENGINE=InnoDB AUTO_INCREMENT=2 DEFAULT CHARSET=latin1;

--
-- Volcado de datos para la tabla `sin_clientes_telefonos`
--

INSERT INTO `sin_clientes_telefonos` (`id_sin_cliente_telefono`, `id_cliente`, `id_telefono`, `date_add`, `date_upd`, `eliminado`, `user_add`, `user_upd`) VALUES
(1, 1, 1, '2015-08-12 17:47:59', '2015-08-12 17:47:59', 0, 1, 1);

-- --------------------------------------------------------

--
-- Estructura de tabla para la tabla `sin_productos_categorias`
--

CREATE TABLE IF NOT EXISTS `sin_productos_categorias` (
  `id_sin_producto_categoria` int(11) NOT NULL,
  `id_producto` int(11) NOT NULL,
  `id_categoria` int(11) NOT NULL,
  `date_add` datetime NOT NULL,
  `date_upd` datetime NOT NULL,
  `eliminado` tinyint(4) NOT NULL,
  `user_add` int(11) NOT NULL,
  `user_upd` int(11) NOT NULL
) ENGINE=InnoDB DEFAULT CHARSET=latin1;

-- --------------------------------------------------------

--
-- Estructura de tabla para la tabla `sin_reglas_categorias`
--

CREATE TABLE IF NOT EXISTS `sin_reglas_categorias` (
  `id_sin_regla_categoria` int(11) NOT NULL,
  `id_regla` int(11) NOT NULL,
  `id_categoria` int(11) NOT NULL,
  `date_add` datetime NOT NULL,
  `date_upd` datetime NOT NULL,
  `eliminado` tinyint(4) NOT NULL,
  `user_add` int(11) NOT NULL,
  `user_upd` int(11) NOT NULL
) ENGINE=InnoDB DEFAULT CHARSET=latin1;

-- --------------------------------------------------------

--
-- Estructura de tabla para la tabla `sin_tipos_documentos`
--

CREATE TABLE IF NOT EXISTS `sin_tipos_documentos` (
  `id_sin_tipo_documento` int(11) NOT NULL,
  `id_documento` int(11) NOT NULL,
  `id_tipo_documento` int(11) NOT NULL,
  `date_add` datetime NOT NULL,
  `date_upd` datetime NOT NULL,
  `eliminado` tinyint(4) NOT NULL,
  `user_add` int(11) NOT NULL,
  `user_upd` int(11) NOT NULL
) ENGINE=InnoDB AUTO_INCREMENT=4 DEFAULT CHARSET=latin1;

--
-- Volcado de datos para la tabla `sin_tipos_documentos`
--

INSERT INTO `sin_tipos_documentos` (`id_sin_tipo_documento`, `id_documento`, `id_tipo_documento`, `date_add`, `date_upd`, `eliminado`, `user_add`, `user_upd`) VALUES
(1, 1, 1, '2015-08-10 22:06:47', '2015-08-10 22:06:47', 0, 0, 0),
(2, 2, 2, '2015-08-10 22:13:22', '2015-08-10 22:13:22', 0, 0, 0),
(3, 1, 1, '2015-08-14 18:38:32', '2015-08-14 18:38:32', 0, 1, 1);

-- --------------------------------------------------------

--
-- Estructura de tabla para la tabla `sin_vendedores_clientes`
--

CREATE TABLE IF NOT EXISTS `sin_vendedores_clientes` (
  `id_sin_vendedor_cliente` int(11) NOT NULL,
  `id_vendedor` int(11) NOT NULL,
  `id_cliente` int(11) NOT NULL,
  `date_add` datetime NOT NULL,
  `date_upd` datetime NOT NULL,
  `eliminado` tinyint(1) NOT NULL,
  `user_add` int(11) NOT NULL,
  `user_upd` int(11) NOT NULL
) ENGINE=InnoDB AUTO_INCREMENT=3 DEFAULT CHARSET=latin1;

--
-- Volcado de datos para la tabla `sin_vendedores_clientes`
--

INSERT INTO `sin_vendedores_clientes` (`id_sin_vendedor_cliente`, `id_vendedor`, `id_cliente`, `date_add`, `date_upd`, `eliminado`, `user_add`, `user_upd`) VALUES
(1, 1, 1, '2015-08-12 17:49:52', '2015-08-14 18:02:45', 0, 1, 1),
(2, 1, 2, '2015-08-13 20:43:53', '2015-08-13 20:43:53', 0, 1, 1);

-- --------------------------------------------------------

--
-- Estructura de tabla para la tabla `sin_vendedores_direcciones`
--

CREATE TABLE IF NOT EXISTS `sin_vendedores_direcciones` (
  `id_sin_vendedor_direccion` int(11) NOT NULL,
  `id_vendedor` int(11) NOT NULL,
  `id_direccion` int(11) NOT NULL,
  `date_add` datetime NOT NULL,
  `date_upd` datetime NOT NULL,
  `eliminado` tinyint(1) NOT NULL,
  `user_add` int(11) NOT NULL,
  `user_upd` int(11) NOT NULL
) ENGINE=InnoDB DEFAULT CHARSET=latin1;

-- --------------------------------------------------------

--
-- Estructura de tabla para la tabla `sin_vendedores_mails`
--

CREATE TABLE IF NOT EXISTS `sin_vendedores_mails` (
  `id_sin_vendedor_mail` int(11) NOT NULL,
  `id_vendedor` int(11) NOT NULL,
  `id_mail` int(11) NOT NULL,
  `date_add` datetime NOT NULL,
  `date_upd` datetime NOT NULL,
  `eliminado` tinyint(1) NOT NULL,
  `user_add` int(11) NOT NULL,
  `user_upd` int(11) NOT NULL
) ENGINE=InnoDB DEFAULT CHARSET=latin1;

-- --------------------------------------------------------

--
-- Estructura de tabla para la tabla `sin_vendedores_telefonos`
--

CREATE TABLE IF NOT EXISTS `sin_vendedores_telefonos` (
  `id_sin_vendedor_telefono` int(11) NOT NULL,
  `id_vendedor` int(11) NOT NULL,
  `id_telefono` int(11) NOT NULL,
  `date_add` datetime NOT NULL,
  `date_upd` datetime NOT NULL,
  `eliminado` tinyint(1) NOT NULL,
  `user_add` int(11) NOT NULL,
  `user_upd` int(11) NOT NULL
) ENGINE=InnoDB DEFAULT CHARSET=latin1;

-- --------------------------------------------------------

--
-- Estructura de tabla para la tabla `sin_visitas_presupuestos`
--

CREATE TABLE IF NOT EXISTS `sin_visitas_presupuestos` (
  `id_sin_visita_presupuesto` int(11) NOT NULL,
  `id_visita` int(11) NOT NULL,
  `id_presupuesto` int(11) NOT NULL,
  `date_add` datetime NOT NULL,
  `date_upd` datetime NOT NULL,
  `eliminado` tinyint(4) NOT NULL,
  `user_add` int(11) NOT NULL,
  `user_upd` int(11) NOT NULL
) ENGINE=InnoDB AUTO_INCREMENT=7 DEFAULT CHARSET=latin1;

--
-- Volcado de datos para la tabla `sin_visitas_presupuestos`
--

INSERT INTO `sin_visitas_presupuestos` (`id_sin_visita_presupuesto`, `id_visita`, `id_presupuesto`, `date_add`, `date_upd`, `eliminado`, `user_add`, `user_upd`) VALUES
(1, 1, 1, '2015-08-12 17:51:24', '2015-08-12 17:51:24', 0, 1, 1),
(2, 4, 2, '2015-08-12 18:20:22', '2015-08-12 18:20:22', 0, 1, 1),
(3, 3, 3, '2015-08-12 20:34:41', '2015-08-12 20:34:41', 0, 1, 1),
(4, 5, 4, '2015-08-13 21:56:16', '2015-08-13 21:56:16', 0, 1, 1),
(5, 6, 5, '2015-08-18 16:41:00', '2015-08-18 16:41:00', 0, 1, 1),
(6, 7, 6, '2015-08-18 18:13:03', '2015-08-18 18:13:03', 0, 1, 1);

-- --------------------------------------------------------

--
-- Estructura de tabla para la tabla `telefonos`
--

CREATE TABLE IF NOT EXISTS `telefonos` (
  `id_telefono` int(11) NOT NULL,
  `id_tipo` int(11) NOT NULL,
  `telefono` bigint(12) NOT NULL,
  `cod_area` int(6) NOT NULL,
  `fax` tinyint(1) NOT NULL,
  `date_add` datetime NOT NULL,
  `date_upd` datetime NOT NULL,
  `eliminado` tinyint(1) NOT NULL,
  `user_add` int(11) NOT NULL,
  `user_upd` int(11) NOT NULL
) ENGINE=InnoDB AUTO_INCREMENT=2 DEFAULT CHARSET=latin1;

--
-- Volcado de datos para la tabla `telefonos`
--

INSERT INTO `telefonos` (`id_telefono`, `id_tipo`, `telefono`, `cod_area`, `fax`, `date_add`, `date_upd`, `eliminado`, `user_add`, `user_upd`) VALUES
(1, 1, 4396721, 261, 0, '2015-08-12 17:47:59', '2015-08-12 17:47:59', 0, 1, 1);

-- --------------------------------------------------------

--
-- Estructura de tabla para la tabla `tipos`
--

CREATE TABLE IF NOT EXISTS `tipos` (
  `id_tipo` int(11) NOT NULL,
  `tipo` varchar(64) NOT NULL,
  `date_add` datetime NOT NULL,
  `date_upd` datetime NOT NULL,
  `eliminado` tinyint(1) NOT NULL,
  `user_add` int(11) NOT NULL,
  `user_upd` int(11) NOT NULL
) ENGINE=InnoDB AUTO_INCREMENT=4 DEFAULT CHARSET=latin1;

--
-- Volcado de datos para la tabla `tipos`
--

INSERT INTO `tipos` (`id_tipo`, `tipo`, `date_add`, `date_upd`, `eliminado`, `user_add`, `user_upd`) VALUES
(1, 'Hogar', '2015-08-12 17:15:48', '2015-08-12 17:15:48', 0, 1, 1),
(2, 'Personal', '2015-08-12 17:15:53', '2015-08-12 17:15:53', 0, 1, 1),
(3, 'Laboral', '2015-08-12 17:15:58', '2015-08-12 17:15:58', 0, 1, 1);

-- --------------------------------------------------------

--
-- Estructura de tabla para la tabla `tipos_documentos`
--

CREATE TABLE IF NOT EXISTS `tipos_documentos` (
  `id_tipo_documento` int(11) NOT NULL,
  `tipo_documento` varchar(256) NOT NULL,
  `date_add` datetime NOT NULL,
  `date_upd` datetime NOT NULL,
  `eliminado` tinyint(4) NOT NULL,
  `user_add` int(11) NOT NULL,
  `user_upd` int(11) NOT NULL
) ENGINE=InnoDB AUTO_INCREMENT=5 DEFAULT CHARSET=latin1;

--
-- Volcado de datos para la tabla `tipos_documentos`
--

INSERT INTO `tipos_documentos` (`id_tipo_documento`, `tipo_documento`, `date_add`, `date_upd`, `eliminado`, `user_add`, `user_upd`) VALUES
(1, 'Lista de precios', '2015-08-10 00:00:00', '2015-08-10 00:00:00', 0, 0, 0),
(2, 'Documentos del vendedor', '2015-08-10 00:00:00', '2015-08-10 00:00:00', 0, 0, 0),
(3, 'Documentos del Cliente', '2015-08-10 00:00:00', '2015-08-10 00:00:00', 0, 0, 0),
(4, 'Otros', '2015-08-10 00:00:00', '2015-08-10 00:00:00', 0, 0, 0);

-- --------------------------------------------------------

--
-- Estructura de tabla para la tabla `usuarios`
--

CREATE TABLE IF NOT EXISTS `usuarios` (
  `id_usuario` int(11) NOT NULL,
  `usuario` varchar(32) NOT NULL,
  `pass` varchar(128) NOT NULL,
  `date_add` datetime NOT NULL,
  `date_upd` datetime NOT NULL,
  `eliminado` int(11) NOT NULL DEFAULT '1',
  `user_add` int(11) NOT NULL,
  `user_upd` int(11) NOT NULL
) ENGINE=InnoDB AUTO_INCREMENT=2 DEFAULT CHARSET=latin1;

--
-- Volcado de datos para la tabla `usuarios`
--

INSERT INTO `usuarios` (`id_usuario`, `usuario`, `pass`, `date_add`, `date_upd`, `eliminado`, `user_add`, `user_upd`) VALUES
(1, 'Admin', '405e28906322882c5be9b4b27f4c35fd', '2015-07-01 00:00:00', '2015-07-01 00:00:00', 0, 1, 1);

-- --------------------------------------------------------

--
-- Estructura de tabla para la tabla `vendedores`
--

CREATE TABLE IF NOT EXISTS `vendedores` (
  `id_vendedor` int(11) NOT NULL,
  `nombre` varchar(128) NOT NULL,
  `apellido` varchar(128) NOT NULL,
  `pass` varchar(64) NOT NULL,
  `imagen` varchar(256) NOT NULL,
  `id_origen` int(11) NOT NULL,
  `id_db` int(11) NOT NULL,
  `visto` tinyint(4) NOT NULL,
  `date_add` datetime NOT NULL,
  `date_upd` datetime NOT NULL,
  `eliminado` tinyint(1) NOT NULL,
  `user_add` int(11) NOT NULL,
  `user_upd` int(11) NOT NULL
) ENGINE=InnoDB AUTO_INCREMENT=2 DEFAULT CHARSET=latin1;

--
-- Volcado de datos para la tabla `vendedores`
--

INSERT INTO `vendedores` (`id_vendedor`, `nombre`, `apellido`, `pass`, `imagen`, `id_origen`, `id_db`, `visto`, `date_add`, `date_upd`, `eliminado`, `user_add`, `user_upd`) VALUES
(1, 'Juan', 'Gomez', '1122', 'http://localhost/Durox/img/vendedores/Koala.jpg', 2, 0, 1, '2015-08-12 17:49:10', '2015-08-18 17:45:22', 0, 1, 1);

-- --------------------------------------------------------

--
-- Estructura de tabla para la tabla `visitas`
--

CREATE TABLE IF NOT EXISTS `visitas` (
  `id_visita` int(11) NOT NULL,
  `id_vendedor` int(11) NOT NULL,
  `id_cliente` int(11) NOT NULL,
  `descripcion` text NOT NULL,
  `id_epoca_visita` int(11) NOT NULL,
  `valoracion` int(11) NOT NULL,
  `fecha` date NOT NULL,
  `id_origen` int(11) NOT NULL,
  `visto` tinyint(4) NOT NULL,
  `date_add` datetime NOT NULL,
  `date_upd` datetime NOT NULL,
  `eliminado` tinyint(2) NOT NULL,
  `user_add` int(11) NOT NULL,
  `user_upd` int(11) NOT NULL
) ENGINE=InnoDB AUTO_INCREMENT=8 DEFAULT CHARSET=latin1;

--
-- Volcado de datos para la tabla `visitas`
--

INSERT INTO `visitas` (`id_visita`, `id_vendedor`, `id_cliente`, `descripcion`, `id_epoca_visita`, `valoracion`, `fecha`, `id_origen`, `visto`, `date_add`, `date_upd`, `eliminado`, `user_add`, `user_upd`) VALUES
(1, 1, 1, 'Sin comentarios', 1, 3, '2015-08-12', 2, 0, '2015-08-12 17:50:51', '2015-08-13 20:46:43', 0, 1, 1),
(2, 1, 1, 'Sin comentarios', 1, 3, '2015-08-12', 1, 1, '2015-08-12 17:59:25', '2015-08-12 18:34:58', 0, 1, 1),
(3, 1, 1, '', 2, 3, '2015-08-12', 2, 1, '2015-08-12 18:10:23', '2015-08-12 18:34:58', 0, 1, 1),
(4, 1, 1, '', 1, 3, '2015-08-12', 3, 1, '2015-08-12 18:14:42', '2015-08-12 18:34:58', 0, 1, 1),
(5, 1, 2, '', 0, 0, '2015-08-13', 0, 0, '2015-08-13 21:56:16', '2015-08-13 21:56:16', 0, 1, 1),
(6, 1, 2, '', 0, 0, '2015-08-18', 0, 0, '2015-08-18 16:40:59', '2015-08-18 16:40:59', 0, 1, 1),
(7, 1, 1, '', 0, 0, '2015-08-18', 0, 0, '2015-08-18 18:13:03', '2015-08-18 18:13:03', 0, 1, 1);

-- --------------------------------------------------------

--
-- Estructura de tabla para la tabla `visto`
--

CREATE TABLE IF NOT EXISTS `visto` (
  `id_visto` int(11) NOT NULL,
  `estado_visto` varchar(128) NOT NULL,
  `date_add` datetime NOT NULL,
  `date_upd` datetime NOT NULL,
  `eliminado` tinyint(4) NOT NULL,
  `user_add` int(11) NOT NULL,
  `user_upd` int(11) NOT NULL
) ENGINE=InnoDB AUTO_INCREMENT=3 DEFAULT CHARSET=latin1;

--
-- Volcado de datos para la tabla `visto`
--

INSERT INTO `visto` (`id_visto`, `estado_visto`, `date_add`, `date_upd`, `eliminado`, `user_add`, `user_upd`) VALUES
(1, 'Nueva', '2015-08-10 00:00:00', '2015-08-10 00:00:00', 0, 0, 0),
(2, 'Visto', '2015-08-10 00:00:00', '2015-08-10 00:00:00', 0, 0, 0);

--
-- Índices para tablas volcadas
--

--
-- Indices de la tabla `categorias`
--
ALTER TABLE `categorias`
  ADD PRIMARY KEY (`id_categoria`);

--
-- Indices de la tabla `clientes`
--
ALTER TABLE `clientes`
  ADD PRIMARY KEY (`id_cliente`);

--
-- Indices de la tabla `departamentos`
--
ALTER TABLE `departamentos`
  ADD PRIMARY KEY (`id_departamento`);

--
-- Indices de la tabla `direcciones`
--
ALTER TABLE `direcciones`
  ADD PRIMARY KEY (`id_direccion`);

--
-- Indices de la tabla `documentos`
--
ALTER TABLE `documentos`
  ADD PRIMARY KEY (`id_documento`);

--
-- Indices de la tabla `empresas`
--
ALTER TABLE `empresas`
  ADD PRIMARY KEY (`id_empresa`);

--
-- Indices de la tabla `epocas_visitas`
--
ALTER TABLE `epocas_visitas`
  ADD PRIMARY KEY (`id_epoca_visita`);

--
-- Indices de la tabla `estados_pedidos`
--
ALTER TABLE `estados_pedidos`
  ADD PRIMARY KEY (`id_estado_pedido`);

--
-- Indices de la tabla `estados_presupuestos`
--
ALTER TABLE `estados_presupuestos`
  ADD PRIMARY KEY (`id_estado_presupuesto`);

--
-- Indices de la tabla `estados_productos_pedidos`
--
ALTER TABLE `estados_productos_pedidos`
  ADD PRIMARY KEY (`id_estado_producto_pedido`);

--
-- Indices de la tabla `estados_productos_presupuestos`
--
ALTER TABLE `estados_productos_presupuestos`
  ADD PRIMARY KEY (`id_estado_producto_presupuesto`);

--
-- Indices de la tabla `grupos_clientes`
--
ALTER TABLE `grupos_clientes`
  ADD PRIMARY KEY (`id_grupo_cliente`);

--
-- Indices de la tabla `iva`
--
ALTER TABLE `iva`
  ADD PRIMARY KEY (`id_iva`);

--
-- Indices de la tabla `linea_productos_pedidos`
--
ALTER TABLE `linea_productos_pedidos`
  ADD PRIMARY KEY (`id_linea_producto_pedido`);

--
-- Indices de la tabla `linea_productos_presupuestos`
--
ALTER TABLE `linea_productos_presupuestos`
  ADD PRIMARY KEY (`id_linea_producto_presupuesto`);

--
-- Indices de la tabla `log_linea_pedidos`
--
ALTER TABLE `log_linea_pedidos`
  ADD PRIMARY KEY (`id_log`);

--
-- Indices de la tabla `mails`
--
ALTER TABLE `mails`
  ADD PRIMARY KEY (`id_mail`);

--
-- Indices de la tabla `origen`
--
ALTER TABLE `origen`
  ADD PRIMARY KEY (`id_origen`);

--
-- Indices de la tabla `paises`
--
ALTER TABLE `paises`
  ADD PRIMARY KEY (`id_pais`);

--
-- Indices de la tabla `pedidos`
--
ALTER TABLE `pedidos`
  ADD PRIMARY KEY (`id_pedido`);

--
-- Indices de la tabla `presupuestos`
--
ALTER TABLE `presupuestos`
  ADD PRIMARY KEY (`id_presupuesto`);

--
-- Indices de la tabla `productos`
--
ALTER TABLE `productos`
  ADD PRIMARY KEY (`id_producto`);

--
-- Indices de la tabla `productos_imagenes`
--
ALTER TABLE `productos_imagenes`
  ADD PRIMARY KEY (`id_imagen`);

--
-- Indices de la tabla `provincias`
--
ALTER TABLE `provincias`
  ADD PRIMARY KEY (`id_provincia`);

--
-- Indices de la tabla `reglas`
--
ALTER TABLE `reglas`
  ADD PRIMARY KEY (`id_regla`);

--
-- Indices de la tabla `sin_clientes_direcciones`
--
ALTER TABLE `sin_clientes_direcciones`
  ADD PRIMARY KEY (`id_sin_cliente_direccion`);

--
-- Indices de la tabla `sin_clientes_mails`
--
ALTER TABLE `sin_clientes_mails`
  ADD PRIMARY KEY (`id_sin_cliente_mail`);

--
-- Indices de la tabla `sin_clientes_telefonos`
--
ALTER TABLE `sin_clientes_telefonos`
  ADD PRIMARY KEY (`id_sin_cliente_telefono`);

--
-- Indices de la tabla `sin_productos_categorias`
--
ALTER TABLE `sin_productos_categorias`
  ADD PRIMARY KEY (`id_sin_producto_categoria`);

--
-- Indices de la tabla `sin_reglas_categorias`
--
ALTER TABLE `sin_reglas_categorias`
  ADD PRIMARY KEY (`id_sin_regla_categoria`);

--
-- Indices de la tabla `sin_tipos_documentos`
--
ALTER TABLE `sin_tipos_documentos`
  ADD PRIMARY KEY (`id_sin_tipo_documento`);

--
-- Indices de la tabla `sin_vendedores_clientes`
--
ALTER TABLE `sin_vendedores_clientes`
  ADD PRIMARY KEY (`id_sin_vendedor_cliente`);

--
-- Indices de la tabla `sin_vendedores_direcciones`
--
ALTER TABLE `sin_vendedores_direcciones`
  ADD PRIMARY KEY (`id_sin_vendedor_direccion`);

--
-- Indices de la tabla `sin_vendedores_mails`
--
ALTER TABLE `sin_vendedores_mails`
  ADD PRIMARY KEY (`id_sin_vendedor_mail`);

--
-- Indices de la tabla `sin_vendedores_telefonos`
--
ALTER TABLE `sin_vendedores_telefonos`
  ADD PRIMARY KEY (`id_sin_vendedor_telefono`);

--
-- Indices de la tabla `sin_visitas_presupuestos`
--
ALTER TABLE `sin_visitas_presupuestos`
  ADD PRIMARY KEY (`id_sin_visita_presupuesto`);

--
-- Indices de la tabla `telefonos`
--
ALTER TABLE `telefonos`
  ADD PRIMARY KEY (`id_telefono`);

--
-- Indices de la tabla `tipos`
--
ALTER TABLE `tipos`
  ADD PRIMARY KEY (`id_tipo`);

--
-- Indices de la tabla `tipos_documentos`
--
ALTER TABLE `tipos_documentos`
  ADD PRIMARY KEY (`id_tipo_documento`);

--
-- Indices de la tabla `usuarios`
--
ALTER TABLE `usuarios`
  ADD PRIMARY KEY (`id_usuario`);

--
-- Indices de la tabla `vendedores`
--
ALTER TABLE `vendedores`
  ADD PRIMARY KEY (`id_vendedor`);

--
-- Indices de la tabla `visitas`
--
ALTER TABLE `visitas`
  ADD PRIMARY KEY (`id_visita`);

--
-- Indices de la tabla `visto`
--
ALTER TABLE `visto`
  ADD PRIMARY KEY (`id_visto`);

--
-- AUTO_INCREMENT de las tablas volcadas
--

--
-- AUTO_INCREMENT de la tabla `categorias`
--
ALTER TABLE `categorias`
  MODIFY `id_categoria` int(11) NOT NULL AUTO_INCREMENT;
--
-- AUTO_INCREMENT de la tabla `clientes`
--
ALTER TABLE `clientes`
  MODIFY `id_cliente` int(11) NOT NULL AUTO_INCREMENT,AUTO_INCREMENT=6;
--
-- AUTO_INCREMENT de la tabla `departamentos`
--
ALTER TABLE `departamentos`
  MODIFY `id_departamento` int(5) NOT NULL AUTO_INCREMENT,AUTO_INCREMENT=575;
--
-- AUTO_INCREMENT de la tabla `direcciones`
--
ALTER TABLE `direcciones`
  MODIFY `id_direccion` int(11) NOT NULL AUTO_INCREMENT,AUTO_INCREMENT=2;
--
-- AUTO_INCREMENT de la tabla `documentos`
--
ALTER TABLE `documentos`
  MODIFY `id_documento` int(11) NOT NULL AUTO_INCREMENT,AUTO_INCREMENT=3;
--
-- AUTO_INCREMENT de la tabla `empresas`
--
ALTER TABLE `empresas`
  MODIFY `id_empresa` int(11) NOT NULL AUTO_INCREMENT,AUTO_INCREMENT=2;
--
-- AUTO_INCREMENT de la tabla `epocas_visitas`
--
ALTER TABLE `epocas_visitas`
  MODIFY `id_epoca_visita` int(11) NOT NULL AUTO_INCREMENT,AUTO_INCREMENT=5;
--
-- AUTO_INCREMENT de la tabla `estados_pedidos`
--
ALTER TABLE `estados_pedidos`
  MODIFY `id_estado_pedido` int(11) NOT NULL AUTO_INCREMENT,AUTO_INCREMENT=5;
--
-- AUTO_INCREMENT de la tabla `estados_presupuestos`
--
ALTER TABLE `estados_presupuestos`
  MODIFY `id_estado_presupuesto` int(11) NOT NULL AUTO_INCREMENT,AUTO_INCREMENT=5;
--
-- AUTO_INCREMENT de la tabla `estados_productos_pedidos`
--
ALTER TABLE `estados_productos_pedidos`
  MODIFY `id_estado_producto_pedido` int(11) NOT NULL AUTO_INCREMENT,AUTO_INCREMENT=5;
--
-- AUTO_INCREMENT de la tabla `estados_productos_presupuestos`
--
ALTER TABLE `estados_productos_presupuestos`
  MODIFY `id_estado_producto_presupuesto` int(11) NOT NULL AUTO_INCREMENT,AUTO_INCREMENT=4;
--
-- AUTO_INCREMENT de la tabla `grupos_clientes`
--
ALTER TABLE `grupos_clientes`
  MODIFY `id_grupo_cliente` int(11) NOT NULL AUTO_INCREMENT,AUTO_INCREMENT=3;
--
-- AUTO_INCREMENT de la tabla `iva`
--
ALTER TABLE `iva`
  MODIFY `id_iva` int(11) NOT NULL AUTO_INCREMENT,AUTO_INCREMENT=3;
--
-- AUTO_INCREMENT de la tabla `linea_productos_pedidos`
--
ALTER TABLE `linea_productos_pedidos`
  MODIFY `id_linea_producto_pedido` int(11) NOT NULL AUTO_INCREMENT,AUTO_INCREMENT=76;
--
-- AUTO_INCREMENT de la tabla `linea_productos_presupuestos`
--
ALTER TABLE `linea_productos_presupuestos`
  MODIFY `id_linea_producto_presupuesto` int(11) NOT NULL AUTO_INCREMENT,AUTO_INCREMENT=14;
--
-- AUTO_INCREMENT de la tabla `log_linea_pedidos`
--
ALTER TABLE `log_linea_pedidos`
  MODIFY `id_log` int(11) NOT NULL AUTO_INCREMENT;
--
-- AUTO_INCREMENT de la tabla `mails`
--
ALTER TABLE `mails`
  MODIFY `id_mail` int(11) NOT NULL AUTO_INCREMENT,AUTO_INCREMENT=2;
--
-- AUTO_INCREMENT de la tabla `origen`
--
ALTER TABLE `origen`
  MODIFY `id_origen` int(11) NOT NULL AUTO_INCREMENT,AUTO_INCREMENT=4;
--
-- AUTO_INCREMENT de la tabla `paises`
--
ALTER TABLE `paises`
  MODIFY `id_pais` int(3) unsigned zerofill NOT NULL AUTO_INCREMENT,AUTO_INCREMENT=895;
--
-- AUTO_INCREMENT de la tabla `pedidos`
--
ALTER TABLE `pedidos`
  MODIFY `id_pedido` int(11) NOT NULL AUTO_INCREMENT,AUTO_INCREMENT=5;
--
-- AUTO_INCREMENT de la tabla `presupuestos`
--
ALTER TABLE `presupuestos`
  MODIFY `id_presupuesto` int(11) NOT NULL AUTO_INCREMENT,AUTO_INCREMENT=7;
--
-- AUTO_INCREMENT de la tabla `productos`
--
ALTER TABLE `productos`
  MODIFY `id_producto` int(11) NOT NULL AUTO_INCREMENT,AUTO_INCREMENT=9;
--
-- AUTO_INCREMENT de la tabla `productos_imagenes`
--
ALTER TABLE `productos_imagenes`
  MODIFY `id_imagen` int(11) NOT NULL AUTO_INCREMENT,AUTO_INCREMENT=12;
--
-- AUTO_INCREMENT de la tabla `provincias`
--
ALTER TABLE `provincias`
  MODIFY `id_provincia` int(4) NOT NULL AUTO_INCREMENT,AUTO_INCREMENT=24;
--
-- AUTO_INCREMENT de la tabla `reglas`
--
ALTER TABLE `reglas`
  MODIFY `id_regla` int(11) NOT NULL AUTO_INCREMENT,AUTO_INCREMENT=3;
--
-- AUTO_INCREMENT de la tabla `sin_clientes_direcciones`
--
ALTER TABLE `sin_clientes_direcciones`
  MODIFY `id_sin_cliente_direccion` int(11) NOT NULL AUTO_INCREMENT,AUTO_INCREMENT=2;
--
-- AUTO_INCREMENT de la tabla `sin_clientes_mails`
--
ALTER TABLE `sin_clientes_mails`
  MODIFY `id_sin_cliente_mail` int(11) NOT NULL AUTO_INCREMENT,AUTO_INCREMENT=2;
--
-- AUTO_INCREMENT de la tabla `sin_clientes_telefonos`
--
ALTER TABLE `sin_clientes_telefonos`
  MODIFY `id_sin_cliente_telefono` int(11) NOT NULL AUTO_INCREMENT,AUTO_INCREMENT=2;
--
-- AUTO_INCREMENT de la tabla `sin_productos_categorias`
--
ALTER TABLE `sin_productos_categorias`
  MODIFY `id_sin_producto_categoria` int(11) NOT NULL AUTO_INCREMENT;
--
-- AUTO_INCREMENT de la tabla `sin_reglas_categorias`
--
ALTER TABLE `sin_reglas_categorias`
  MODIFY `id_sin_regla_categoria` int(11) NOT NULL AUTO_INCREMENT;
--
-- AUTO_INCREMENT de la tabla `sin_tipos_documentos`
--
ALTER TABLE `sin_tipos_documentos`
  MODIFY `id_sin_tipo_documento` int(11) NOT NULL AUTO_INCREMENT,AUTO_INCREMENT=4;
--
-- AUTO_INCREMENT de la tabla `sin_vendedores_clientes`
--
ALTER TABLE `sin_vendedores_clientes`
  MODIFY `id_sin_vendedor_cliente` int(11) NOT NULL AUTO_INCREMENT,AUTO_INCREMENT=3;
--
-- AUTO_INCREMENT de la tabla `sin_vendedores_direcciones`
--
ALTER TABLE `sin_vendedores_direcciones`
  MODIFY `id_sin_vendedor_direccion` int(11) NOT NULL AUTO_INCREMENT;
--
-- AUTO_INCREMENT de la tabla `sin_vendedores_mails`
--
ALTER TABLE `sin_vendedores_mails`
  MODIFY `id_sin_vendedor_mail` int(11) NOT NULL AUTO_INCREMENT;
--
-- AUTO_INCREMENT de la tabla `sin_vendedores_telefonos`
--
ALTER TABLE `sin_vendedores_telefonos`
  MODIFY `id_sin_vendedor_telefono` int(11) NOT NULL AUTO_INCREMENT;
--
-- AUTO_INCREMENT de la tabla `sin_visitas_presupuestos`
--
ALTER TABLE `sin_visitas_presupuestos`
  MODIFY `id_sin_visita_presupuesto` int(11) NOT NULL AUTO_INCREMENT,AUTO_INCREMENT=7;
--
-- AUTO_INCREMENT de la tabla `telefonos`
--
ALTER TABLE `telefonos`
  MODIFY `id_telefono` int(11) NOT NULL AUTO_INCREMENT,AUTO_INCREMENT=2;
--
-- AUTO_INCREMENT de la tabla `tipos`
--
ALTER TABLE `tipos`
  MODIFY `id_tipo` int(11) NOT NULL AUTO_INCREMENT,AUTO_INCREMENT=4;
--
-- AUTO_INCREMENT de la tabla `tipos_documentos`
--
ALTER TABLE `tipos_documentos`
  MODIFY `id_tipo_documento` int(11) NOT NULL AUTO_INCREMENT,AUTO_INCREMENT=5;
--
-- AUTO_INCREMENT de la tabla `usuarios`
--
ALTER TABLE `usuarios`
  MODIFY `id_usuario` int(11) NOT NULL AUTO_INCREMENT,AUTO_INCREMENT=2;
--
-- AUTO_INCREMENT de la tabla `vendedores`
--
ALTER TABLE `vendedores`
  MODIFY `id_vendedor` int(11) NOT NULL AUTO_INCREMENT,AUTO_INCREMENT=2;
--
-- AUTO_INCREMENT de la tabla `visitas`
--
ALTER TABLE `visitas`
  MODIFY `id_visita` int(11) NOT NULL AUTO_INCREMENT,AUTO_INCREMENT=8;
--
-- AUTO_INCREMENT de la tabla `visto`
--
ALTER TABLE `visto`
  MODIFY `id_visto` int(11) NOT NULL AUTO_INCREMENT,AUTO_INCREMENT=3;
/*!40101 SET CHARACTER_SET_CLIENT=@OLD_CHARACTER_SET_CLIENT */;
/*!40101 SET CHARACTER_SET_RESULTS=@OLD_CHARACTER_SET_RESULTS */;
/*!40101 SET COLLATION_CONNECTION=@OLD_COLLATION_CONNECTION */;
